sample_id,ticket_date,person_id,区县地址,街道地址,mapped_l1_name,mapped_l2_name,是否回访,问题是否解决,是否热点,承办单位,text_subject_id,text_subject_type,text_place_id,text_place_type,address_id,has_address_id,has_text_place_id,has_text_subject_id,sanitized_text,person_total_complaints,address_total_complaints
1,2024-05-01,P00140,乙区,乙区-街道3,主题大类4,主题小类4-1,否,是,否,承办单位C,TS00011,主体类型1,TP00098,地点类型3,A00048,1,1,1,这是合成样例文本，仅用于演示去标识化风险流程，不含任何真实诉求信息。样例主题：主题小类4-1，样例编号：0001。,1,2
2,2024-05-03,P00001,甲区,甲区-街道2,主题大类3,主题小类3-2,是,是,否,承办单位A,,,TP00122,地点类型5,A00057,1,1,0,这是合成样例文本，仅用于演示去标识化风险流程，不含任何真实诉求信息。样例主题：主题小类3-2，样例编号：0002。,19,3
3,2024-05-13,P00205,乙区,乙区-街道3,主题大类1,主题小类1-1,否,否,否,承办单位C,TS00034,主体类型2,TP00131,地点类型5,A00001,1,1,1,这是合成样例文本，仅用于演示去标识化风险流程，不含任何真实诉求信息。样例主题：主题小类1-1，样例编号：0003。,3,22
4,2024-03-21,P00030,乙区,乙区-街道2,主题大类4,主题小类4-2,否,是,否,承办单位D,,,,,A00033,1,0,0,这是合成样例文本，仅用于演示去标识化风险流程，不含任何真实诉求信息。样例主题：主题小类4-2，样例编号：0004。,1,2
5,2024-03-10,P00135,丙区,丙区-街道1,主题大类4,主题小类4-2,否,否,否,承办单位E,TS00032,主体类型3,TP00062,地点类型2,A00094,1,1,1,这是合成样例文本，仅用于演示去标识化风险流程，不含任何真实诉求信息。样例主题：主题小类4-2，样例编号：0005。,1,3
6,2024-03-11,,乙区,乙区-街道3,主题大类1,主题小类1-2,是,是,否,承办单位E,TS00062,主体类型4,TP00165,地点类型1,A00038,1,1,1,这是合成样例文本，仅用于演示去标识化风险流程，不含任何真实诉求信息。样例主题：主题小类1-2，样例编号：0006。,0,5
7,2024-04-22,P00005,丙区,丙区-街道2,主题大类1,主题小类1-2,是,否,否,承办单位A,TS00014,主体类型3,TP00122,地点类型3,A00001,1,1,1,这是合成样例文本，仅用于演示去标识化风险流程，不含任何真实诉求信息。样例主题：主题小类1-2，样例编号：0007。,7,22
8,2024-04-06,P00005,丙区,丙区-街道3,主题大类4,主题小类4-2,否,否,是,承办单位D,TS00057,主体类型3,TP00023,地点类型3,A00098,1,1,1,这是合成样例文本，仅用于演示去标识化风险流程，不含任何真实诉求信息。样例主题：主题小类4-2，样例编号：0008。,7,5
9,2024-04-17,,甲区,甲区-街道3,主题大类2,主题小类2-1,否,否,否,承办单位C,TS00015,主体类型2,TP00155,地点类型1,A00028,1,1,1,这是合成样例文本，仅用于演示去标识化风险流程，不含任何真实诉求信息。样例主题：主题小类2-1，样例编号：0009。,0,4
10,2024-04-04,P00010,乙区,乙区-街道2,主题大类2,主题小类2-2,否,否,否,承办单位D,TS00023,主体类型3,TP00178,地点类型4,A00084,1,1,1,这是合成样例文本，仅用于演示去标识化风险流程，不含任何真实诉求信息。样例主题：主题小类2-2，样例编号：0010。,6,3
11,2024-03-17,P00067,乙区,乙区-街道2,主题大类3,主题小类3-2,否,否,否,承办单位E,TS00096,主体类型2,TP00027,地点类型2,A00009,1,1,1,这是合成样例文本，仅用于演示去标识化风险流程，不含任何真实诉求信息。样例主题：主题小类3-2，样例编号：0011。,1,9
12,2024-05-08,P00150,乙区,乙区-街道1,主题大类4,主题小类4-1,是,否,否,承办单位E,TS00121,主体类型3,TP00137,地点类型3,A00119,1,1,1,这是合成样例文本，仅用于演示去标识化风险流程，不含任何真实诉求信息。样例主题：主题小类4-1，样例编号：0012。,2,3
13,2024-05-08,P00238,丙区,丙区-街道3,主题大类1,主题小类1-1,否,否,否,承办单位B,TS00108,主体类型4,TP00032,地点类型1,A00058,1,1,1,这是合成样例文本，仅用于演示去标识化风险流程，不含任何真实诉求信息。样例主题：主题小类1-1，样例编号：0013。,2,6
14,2024-05-14,P00001,乙区,乙区-街道1,主题大类1,主题小类1-2,否,否,否,承办单位D,,,TP00017,地点类型3,A00071,1,1,0,这是合成样例文本，仅用于演示去标识化风险流程，不含任何真实诉求信息。样例主题：主题小类1-2，样例编号：0014。,19,4
15,2024-05-07,P00004,丙区,丙区-街道2,主题大类4,主题小类4-1,否,否,是,承办单位A,TS00075,主体类型3,TP00183,地点类型4,A00091,1,1,1,这是合成样例文本，仅用于演示去标识化风险流程，不含任何真实诉求信息。样例主题：主题小类4-1，样例编号：0015。,7,3
16,2024-03-25,P00040,丙区,丙区-街道2,主题大类1,主题小类1-1,是,是,否,承办单位D,TS00141,主体类型1,TP00124,地点类型4,A00117,1,1,1,这是合成样例文本，仅用于演示去标识化风险流程，不含任何真实诉求信息。样例主题：主题小类1-1，样例编号：0016。,7,3
17,2024-04-01,P00157,乙区,乙区-街道3,主题大类4,主题小类4-2,否,否,否,承办单位C,TS00023,主体类型1,TP00183,地点类型3,A00058,1,1,1,这是合成样例文本，仅用于演示去标识化风险流程，不含任何真实诉求信息。样例主题：主题小类4-2，样例编号：0017。,2,6
18,2024-04-25,P00066,乙区,乙区-街道2,主题大类2,主题小类2-1,是,否,否,承办单位C,TS00105,主体类型3,TP00015,地点类型4,A00017,1,1,1,这是合成样例文本，仅用于演示去标识化风险流程，不含任何真实诉求信息。样例主题：主题小类2-1，样例编号：0018。,1,4
19,2024-03-31,P00103,丙区,丙区-街道3,主题大类3,主题小类3-2,否,否,否,承办单位C,TS00128,主体类型1,TP00099,地点类型2,,0,1,1,这是合成样例文本，仅用于演示去标识化风险流程，不含任何真实诉求信息。样例主题：主题小类3-2，样例编号：0019。,1,0
20,2024-05-03,P00001,乙区,乙区-街道3,主题大类3,主题小类3-2,否,否,是,承办单位B,TS00003,主体类型1,TP00160,地点类型1,A00021,1,1,1,这是合成样例文本，仅用于演示去标识化风险流程，不含任何真实诉求信息。样例主题：主题小类3-2，样例编号：0020。,19,4
21,2024-05-12,P00020,甲区,甲区-街道2,主题大类1,主题小类1-1,否,是,否,承办单位A,TS00147,主体类型3,,,A00005,1,0,1,这是合成样例文本，仅用于演示去标识化风险流程，不含任何真实诉求信息。样例主题：主题小类1-1，样例编号：0021。,5,8
22,2024-04-18,P00002,丙区,丙区-街道2,主题大类1,主题小类1-2,否,否,是,承办单位A,TS00105,主体类型2,TP00061,地点类型3,A00004,1,1,1,这是合成样例文本，仅用于演示去标识化风险流程，不含任何真实诉求信息。样例主题：主题小类1-2，样例编号：0022。,14,10
23,2024-05-03,,乙区,乙区-街道1,主题大类4,主题小类4-2,否,否,否,承办单位E,,,TP00011,地点类型4,A00090,1,1,0,这是合成样例文本，仅用于演示去标识化风险流程，不含任何真实诉求信息。样例主题：主题小类4-2，样例编号：0023。,0,3
24,2024-04-29,P00005,丙区,丙区-街道3,主题大类3,主题小类3-1,是,是,否,承办单位A,TS00015,主体类型1,,,A00023,1,0,1,这是合成样例文本，仅用于演示去标识化风险流程，不含任何真实诉求信息。样例主题：主题小类3-1，样例编号：0024。,7,1
25,2024-05-16,P00011,甲区,甲区-街道2,主题大类2,主题小类2-1,否,否,否,承办单位A,TS00012,主体类型2,TP00023,地点类型3,A00004,1,1,1,这是合成样例文本，仅用于演示去标识化风险流程，不含任何真实诉求信息。样例主题：主题小类2-1，样例编号：0025。,8,10
26,2024-04-04,P00093,甲区,甲区-街道1,主题大类4,主题小类4-1,否,否,否,承办单位E,TS00107,主体类型4,TP00116,地点类型5,A00042,1,1,1,这是合成样例文本，仅用于演示去标识化风险流程，不含任何真实诉求信息。样例主题：主题小类4-1，样例编号：0026。,2,4
27,2024-05-01,P00015,丙区,丙区-街道2,主题大类1,主题小类1-2,否,否,是,承办单位A,TS00136,主体类型2,TP00037,地点类型4,A00046,1,1,1,这是合成样例文本，仅用于演示去标识化风险流程，不含任何真实诉求信息。样例主题：主题小类1-2，样例编号：0027。,6,2
28,2024-05-07,P00123,丙区,丙区-街道2,主题大类2,主题小类2-2,否,否,否,承办单位C,,,TP00171,地点类型1,A00117,1,1,0,这是合成样例文本，仅用于演示去标识化风险流程，不含任何真实诉求信息。样例主题：主题小类2-2，样例编号：0028。,3,3
29,2024-04-01,,丙区,丙区-街道3,主题大类3,主题小类3-1,否,是,否,承办单位D,TS00051,主体类型3,TP00154,地点类型4,A00015,1,1,1,这是合成样例文本，仅用于演示去标识化风险流程，不含任何真实诉求信息。样例主题：主题小类3-1，样例编号：0029。,0,4
30,2024-04-05,P00009,乙区,乙区-街道3,主题大类2,主题小类2-1,是,是,否,承办单位D,TS00069,主体类型2,TP00058,地点类型4,A00026,1,1,1,这是合成样例文本，仅用于演示去标识化风险流程，不含任何真实诉求信息。样例主题：主题小类2-1，样例编号：0030。,3,2
31,2024-05-05,P00250,丙区,丙区-街道1,主题大类2,主题小类2-1,否,是,否,承办单位E,TS00143,主体类型3,TP00106,地点类型4,A00022,1,1,1,这是合成样例文本，仅用于演示去标识化风险流程，不含任何真实诉求信息。样例主题：主题小类2-1，样例编号：0031。,4,7
32,2024-05-03,P00061,丙区,丙区-街道2,主题大类1,主题小类1-2,否,否,否,承办单位C,TS00053,主体类型4,TP00035,地点类型5,A00050,1,1,1,这是合成样例文本，仅用于演示去标识化风险流程，不含任何真实诉求信息。样例主题：主题小类1-2，样例编号：0032。,5,3
33,2024-04-22,P00110,乙区,乙区-街道2,主题大类1,主题小类1-2,否,是,否,承办单位A,TS00117,主体类型2,,,A00054,1,0,1,这是合成样例文本，仅用于演示去标识化风险流程，不含任何真实诉求信息。样例主题：主题小类1-2，样例编号：0033。,2,3
34,2024-04-11,P00029,甲区,甲区-街道3,主题大类3,主题小类3-2,否,是,否,承办单位C,TS00003,主体类型1,TP00140,地点类型1,A00043,1,1,1,这是合成样例文本，仅用于演示去标识化风险流程，不含任何真实诉求信息。样例主题：主题小类3-2，样例编号：0034。,3,3
35,2024-05-06,P00051,丙区,丙区-街道1,主题大类3,主题小类3-2,是,是,否,承办单位D,,,TP00071,地点类型2,A00089,1,1,0,这是合成样例文本，仅用于演示去标识化风险流程，不含任何真实诉求信息。样例主题：主题小类3-2，样例编号：0035。,1,4
36,2024-04-27,P00038,乙区,乙区-街道3,主题大类4,主题小类4-1,是,否,否,承办单位A,TS00016,主体类型2,TP00094,地点类型4,A00007,1,1,1,这是合成样例文本，仅用于演示去标识化风险流程，不含任何真实诉求信息。样例主题：主题小类4-1，样例编号：0036。,3,7
37,2024-04-10,P00001,乙区,乙区-街道1,主题大类1,主题小类1-2,否,否,否,承办单位D,TS00085,主体类型3,TP00025,地点类型1,A00091,1,1,1,这是合成样例文本，仅用于演示去标识化风险流程，不含任何真实诉求信息。样例主题：主题小类1-2，样例编号：0037。,19,3
38,2024-03-19,P00003,甲区,甲区-街道1,主题大类4,主题小类4-2,是,是,否,承办单位B,TS00051,主体类型1,TP00164,地点类型5,A00063,1,1,1,这是合成样例文本，仅用于演示去标识化风险流程，不含任何真实诉求信息。样例主题：主题小类4-2，样例编号：0038。,11,6
39,2024-04-29,P00076,乙区,乙区-街道3,主题大类3,主题小类3-1,否,否,否,承办单位C,TS00096,主体类型4,TP00154,地点类型5,A00041,1,1,1,这是合成样例文本，仅用于演示去标识化风险流程，不含任何真实诉求信息。样例主题：主题小类3-1，样例编号：0039。,3,2
40,2024-04-12,P00053,甲区,甲区-街道2,主题大类2,主题小类2-1,是,是,否,承办单位A,TS00103,主体类型1,TP00158,地点类型4,A00019,1,1,1,这是合成样例文本，仅用于演示去标识化风险流程，不含任何真实诉求信息。样例主题：主题小类2-1，样例编号：0040。,2,3
41,2024-03-08,P00159,乙区,乙区-街道3,主题大类2,主题小类2-1,否,否,是,承办单位E,TS00052,主体类型1,TP00011,地点类型5,A00066,1,1,1,这是合成样例文本，仅用于演示去标识化风险流程，不含任何真实诉求信息。样例主题：主题小类2-1，样例编号：0041。,1,1
42,2024-05-15,P00011,乙区,乙区-街道1,主题大类2,主题小类2-1,是,否,是,承办单位A,TS00059,主体类型3,TP00038,地点类型4,A00055,1,1,1,这是合成样例文本，仅用于演示去标识化风险流程，不含任何真实诉求信息。样例主题：主题小类2-1，样例编号：0042。,8,3
43,2024-04-03,P00034,甲区,甲区-街道1,主题大类3,主题小类3-2,否,否,否,承办单位B,TS00085,主体类型1,TP00025,地点类型1,A00043,1,1,1,这是合成样例文本，仅用于演示去标识化风险流程，不含任何真实诉求信息。样例主题：主题小类3-2，样例编号：0043。,3,3
44,2024-04-08,P00036,丙区,丙区-街道2,主题大类3,主题小类3-2,否,否,否,承办单位C,TS00132,主体类型4,TP00185,地点类型1,A00017,1,1,1,这是合成样例文本，仅用于演示去标识化风险流程，不含任何真实诉求信息。样例主题：主题小类3-2，样例编号：0044。,3,4
45,2024-05-09,,乙区,乙区-街道1,主题大类1,主题小类1-1,否,否,否,承办单位B,TS00104,主体类型4,TP00106,地点类型3,A00098,1,1,1,这是合成样例文本，仅用于演示去标识化风险流程，不含任何真实诉求信息。样例主题：主题小类1-1，样例编号：0045。,0,5
46,2024-03-04,P00033,乙区,乙区-街道3,主题大类2,主题小类2-2,否,否,是,承办单位B,TS00054,主体类型4,TP00186,地点类型4,A00079,1,1,1,这是合成样例文本，仅用于演示去标识化风险流程，不含任何真实诉求信息。样例主题：主题小类2-2，样例编号：0046。,4,4
47,2024-05-06,P00001,丙区,丙区-街道3,主题大类4,主题小类4-2,是,是,否,承办单位E,,,TP00074,地点类型5,A00005,1,1,0,这是合成样例文本，仅用于演示去标识化风险流程，不含任何真实诉求信息。样例主题：主题小类4-2，样例编号：0047。,19,8
48,2024-04-26,P00010,乙区,乙区-街道1,主题大类1,主题小类1-2,否,是,是,承办单位C,TS00100,主体类型3,TP00032,地点类型1,A00003,1,1,1,这是合成样例文本，仅用于演示去标识化风险流程，不含任何真实诉求信息。样例主题：主题小类1-2，样例编号：0048。,6,11
49,2024-05-14,P00190,丙区,丙区-街道3,主题大类2,主题小类2-1,否,是,否,承办单位A,,,TP00183,地点类型1,A00030,1,1,0,这是合成样例文本，仅用于演示去标识化风险流程，不含任何真实诉求信息。样例主题：主题小类2-1，样例编号：0049。,1,3
50,2024-03-21,P00126,丙区,丙区-街道1,主题大类1,主题小类1-2,是,是,否,承办单位A,,,TP00022,地点类型4,A00114,1,1,0,这是合成样例文本，仅用于演示去标识化风险流程，不含任何真实诉求信息。样例主题：主题小类1-2，样例编号：0050。,1,1
51,2024-05-13,P00008,乙区,乙区-街道2,主题大类3,主题小类3-2,是,否,否,承办单位C,TS00060,主体类型3,TP00063,地点类型3,A00013,1,1,1,这是合成样例文本，仅用于演示去标识化风险流程，不含任何真实诉求信息。样例主题：主题小类3-2，样例编号：0051。,6,6
52,2024-03-21,,丙区,丙区-街道1,主题大类3,主题小类3-2,否,否,是,承办单位C,TS00009,主体类型1,TP00180,地点类型3,,0,1,1,这是合成样例文本，仅用于演示去标识化风险流程，不含任何真实诉求信息。样例主题：主题小类3-2，样例编号：0052。,0,0
53,2024-03-24,,甲区,甲区-街道1,主题大类1,主题小类1-1,是,是,否,承办单位D,TS00006,主体类型2,TP00028,地点类型4,A00030,1,1,1,这是合成样例文本，仅用于演示去标识化风险流程，不含任何真实诉求信息。样例主题：主题小类1-1，样例编号：0053。,0,3
54,2024-05-15,P00013,甲区,甲区-街道3,主题大类2,主题小类2-2,是,否,否,承办单位B,,,,,A00002,1,0,0,这是合成样例文本，仅用于演示去标识化风险流程，不含任何真实诉求信息。样例主题：主题小类2-2，样例编号：0054。,3,14
55,2024-03-07,,甲区,甲区-街道2,主题大类4,主题小类4-2,是,否,否,承办单位B,TS00068,主体类型4,TP00112,地点类型4,A00098,1,1,1,这是合成样例文本，仅用于演示去标识化风险流程，不含任何真实诉求信息。样例主题：主题小类4-2，样例编号：0055。,0,5
56,2024-04-07,P00099,丙区,丙区-街道1,主题大类1,主题小类1-2,是,否,否,承办单位C,TS00083,主体类型1,,,A00049,1,0,1,这是合成样例文本，仅用于演示去标识化风险流程，不含任何真实诉求信息。样例主题：主题小类1-2，样例编号：0056。,2,6
57,2024-05-08,,乙区,乙区-街道1,主题大类2,主题小类2-1,是,是,否,承办单位B,TS00123,主体类型2,TP00111,地点类型1,A00096,1,1,1,这是合成样例文本，仅用于演示去标识化风险流程，不含任何真实诉求信息。样例主题：主题小类2-1，样例编号：0057。,0,2
58,2024-03-05,P00015,丙区,丙区-街道1,主题大类3,主题小类3-2,否,否,是,承办单位D,TS00110,主体类型2,TP00104,地点类型5,A00031,1,1,1,这是合成样例文本，仅用于演示去标识化风险流程，不含任何真实诉求信息。样例主题：主题小类3-2，样例编号：0058。,6,2
59,2024-05-04,P00092,乙区,乙区-街道1,主题大类1,主题小类1-2,否,否,否,承办单位C,TS00096,主体类型3,TP00020,地点类型3,A00005,1,1,1,这是合成样例文本，仅用于演示去标识化风险流程，不含任何真实诉求信息。样例主题：主题小类1-2，样例编号：0059。,1,8
60,2024-03-04,P00042,丙区,丙区-街道1,主题大类4,主题小类4-1,否,否,否,承办单位B,TS00042,主体类型2,TP00126,地点类型2,A00105,1,1,1,这是合成样例文本，仅用于演示去标识化风险流程，不含任何真实诉求信息。样例主题：主题小类4-1，样例编号：0060。,1,2
61,2024-04-28,P00029,丙区,丙区-街道2,主题大类4,主题小类4-1,否,否,否,承办单位E,TS00061,主体类型4,TP00047,地点类型5,A00073,1,1,1,这是合成样例文本，仅用于演示去标识化风险流程，不含任何真实诉求信息。样例主题：主题小类4-1，样例编号：0061。,3,2
62,2024-04-29,P00214,甲区,甲区-街道2,主题大类4,主题小类4-2,是,是,否,承办单位D,TS00089,主体类型2,,,A00062,1,0,1,这是合成样例文本，仅用于演示去标识化风险流程，不含任何真实诉求信息。样例主题：主题小类4-2，样例编号：0062。,1,4
63,2024-05-14,P00007,乙区,乙区-街道3,主题大类4,主题小类4-2,否,否,否,承办单位E,TS00035,主体类型1,TP00096,地点类型2,A00063,1,1,1,这是合成样例文本，仅用于演示去标识化风险流程，不含任何真实诉求信息。样例主题：主题小类4-2，样例编号：0063。,4,6
64,2024-04-17,P00053,乙区,乙区-街道2,主题大类4,主题小类4-1,是,否,是,承办单位A,,,TP00180,地点类型4,A00075,1,1,0,这是合成样例文本，仅用于演示去标识化风险流程，不含任何真实诉求信息。样例主题：主题小类4-1，样例编号：0064。,2,2
65,2024-03-24,P00003,丙区,丙区-街道1,主题大类4,主题小类4-2,否,是,否,承办单位C,TS00118,主体类型4,TP00060,地点类型3,A00008,1,1,1,这是合成样例文本，仅用于演示去标识化风险流程，不含任何真实诉求信息。样例主题：主题小类4-2，样例编号：0065。,11,8
66,2024-04-07,P00026,甲区,甲区-街道1,主题大类2,主题小类2-1,否,否,是,承办单位D,TS00060,主体类型3,TP00172,地点类型1,A00016,1,1,1,这是合成样例文本，仅用于演示去标识化风险流程，不含任何真实诉求信息。样例主题：主题小类2-1，样例编号：0066。,2,4
67,2024-03-15,,甲区,甲区-街道2,主题大类2,主题小类2-1,是,否,否,承办单位E,,,TP00069,地点类型1,A00010,1,1,0,这是合成样例文本，仅用于演示去标识化风险流程，不含任何真实诉求信息。样例主题：主题小类2-1，样例编号：0067。,0,6
68,2024-03-10,,乙区,乙区-街道2,主题大类3,主题小类3-2,是,否,否,承办单位A,TS00104,主体类型2,TP00017,地点类型2,A00045,1,1,1,这是合成样例文本，仅用于演示去标识化风险流程，不含任何真实诉求信息。样例主题：主题小类3-2，样例编号：0068。,0,1
69,2024-05-08,P00022,乙区,乙区-街道3,主题大类4,主题小类4-1,否,否,否,承办单位E,TS00099,主体类型2,TP00088,地点类型3,A00048,1,1,1,这是合成样例文本，仅用于演示去标识化风险流程，不含任何真实诉求信息。样例主题：主题小类4-1，样例编号：0069。,1,2
70,2024-04-25,P00024,乙区,乙区-街道2,主题大类3,主题小类3-1,是,是,否,承办单位D,TS00022,主体类型1,TP00180,地点类型1,A00073,1,1,1,这是合成样例文本，仅用于演示去标识化风险流程，不含任何真实诉求信息。样例主题：主题小类3-1，样例编号：0070。,5,2
71,2024-03-30,P00013,乙区,乙区-街道1,主题大类3,主题小类3-1,否,否,否,承办单位C,TS00017,主体类型3,TP00033,地点类型4,A00001,1,1,1,这是合成样例文本，仅用于演示去标识化风险流程，不含任何真实诉求信息。样例主题：主题小类3-1，样例编号：0071。,3,22
72,2024-03-09,P00002,丙区,丙区-街道2,主题大类4,主题小类4-2,是,是,否,承办单位B,TS00069,主体类型1,TP00097,地点类型2,A00003,1,1,1,这是合成样例文本，仅用于演示去标识化风险流程，不含任何真实诉求信息。样例主题：主题小类4-2，样例编号：0072。,14,11
73,2024-04-26,P00247,乙区,乙区-街道1,主题大类4,主题小类4-2,是,是,否,承办单位B,TS00048,主体类型4,TP00193,地点类型5,A00015,1,1,1,这是合成样例文本，仅用于演示去标识化风险流程，不含任何真实诉求信息。样例主题：主题小类4-2，样例编号：0073。,1,4
74,2024-03-17,,乙区,乙区-街道3,主题大类2,主题小类2-1,是,是,是,承办单位E,TS00059,主体类型2,TP00048,地点类型5,A00001,1,1,1,这是合成样例文本，仅用于演示去标识化风险流程，不含任何真实诉求信息。样例主题：主题小类2-1，样例编号：0074。,0,22
75,2024-04-19,P00114,丙区,丙区-街道2,主题大类2,主题小类2-2,否,否,否,承办单位A,TS00037,主体类型4,TP00023,地点类型1,A00002,1,1,1,这是合成样例文本，仅用于演示去标识化风险流程，不含任何真实诉求信息。样例主题：主题小类2-2，样例编号：0075。,2,14
76,2024-03-19,P00020,丙区,丙区-街道2,主题大类1,主题小类1-1,是,是,否,承办单位B,TS00081,主体类型4,TP00073,地点类型2,A00059,1,1,1,这是合成样例文本，仅用于演示去标识化风险流程，不含任何真实诉求信息。样例主题：主题小类1-1，样例编号：0076。,5,1
77,2024-05-15,,丙区,丙区-街道3,主题大类2,主题小类2-1,否,否,否,承办单位B,,,TP00193,地点类型1,A00020,1,1,0,这是合成样例文本，仅用于演示去标识化风险流程，不含任何真实诉求信息。样例主题：主题小类2-1，样例编号：0077。,0,3
78,2024-03-12,,丙区,丙区-街道3,主题大类3,主题小类3-1,是,否,否,承办单位B,TS00073,主体类型1,TP00026,地点类型4,A00027,1,1,1,这是合成样例文本，仅用于演示去标识化风险流程，不含任何真实诉求信息。样例主题：主题小类3-1，样例编号：0078。,0,4
79,2024-05-05,P00184,甲区,甲区-街道2,主题大类1,主题小类1-2,否,否,否,承办单位A,TS00084,主体类型1,TP00183,地点类型2,,0,1,1,这是合成样例文本，仅用于演示去标识化风险流程，不含任何真实诉求信息。样例主题：主题小类1-2，样例编号：0079。,1,0
80,2024-05-06,P00181,乙区,乙区-街道2,主题大类4,主题小类4-1,否,否,是,承办单位D,,,TP00180,地点类型5,A00017,1,1,0,这是合成样例文本，仅用于演示去标识化风险流程，不含任何真实诉求信息。样例主题：主题小类4-1，样例编号：0080。,1,4
81,2024-03-29,P00064,甲区,甲区-街道2,主题大类4,主题小类4-1,是,是,否,承办单位B,TS00031,主体类型3,TP00018,地点类型1,A00005,1,1,1,这是合成样例文本，仅用于演示去标识化风险流程，不含任何真实诉求信息。样例主题：主题小类4-1，样例编号：0081。,1,8
82,2024-03-31,P00155,甲区,甲区-街道1,主题大类1,主题小类1-1,是,是,否,承办单位E,TS00039,主体类型1,TP00189,地点类型2,A00009,1,1,1,这是合成样例文本，仅用于演示去标识化风险流程，不含任何真实诉求信息。样例主题：主题小类1-1，样例编号：0082。,1,9
83,2024-03-07,P00123,甲区,甲区-街道3,主题大类3,主题小类3-2,否,否,否,承办单位A,TS00128,主体类型3,TP00014,地点类型1,A00076,1,1,1,这是合成样例文本，仅用于演示去标识化风险流程，不含任何真实诉求信息。样例主题：主题小类3-2，样例编号：0083。,3,1
84,2024-04-19,P00072,乙区,乙区-街道1,主题大类3,主题小类3-2,否,否,否,承办单位E,TS00010,主体类型1,TP00099,地点类型2,A00058,1,1,1,这是合成样例文本，仅用于演示去标识化风险流程，不含任何真实诉求信息。样例主题：主题小类3-2，样例编号：0084。,6,6
85,2024-03-06,P00016,甲区,甲区-街道2,主题大类2,主题小类2-2,是,否,否,承办单位C,TS00029,主体类型3,TP00123,地点类型4,A00024,1,1,1,这是合成样例文本，仅用于演示去标识化风险流程，不含任何真实诉求信息。样例主题：主题小类2-2，样例编号：0085。,2,8
86,2024-05-05,P00072,乙区,乙区-街道3,主题大类4,主题小类4-2,是,否,否,承办单位B,,,TP00113,地点类型5,A00119,1,1,0,这是合成样例文本，仅用于演示去标识化风险流程，不含任何真实诉求信息。样例主题：主题小类4-2，样例编号：0086。,6,3
87,2024-04-09,P00078,乙区,乙区-街道2,主题大类4,主题小类4-2,是,否,否,承办单位E,TS00040,主体类型4,TP00038,地点类型4,A00027,1,1,1,这是合成样例文本，仅用于演示去标识化风险流程，不含任何真实诉求信息。样例主题：主题小类4-2，样例编号：0087。,1,4
88,2024-04-17,P00001,乙区,乙区-街道1,主题大类3,主题小类3-1,否,否,否,承办单位D,TS00108,主体类型1,TP00122,地点类型4,A00107,1,1,1,这是合成样例文本，仅用于演示去标识化风险流程，不含任何真实诉求信息。样例主题：主题小类3-1，样例编号：0088。,19,4
89,2024-04-26,P00003,甲区,甲区-街道1,主题大类1,主题小类1-2,否,是,否,承办单位B,TS00046,主体类型3,TP00047,地点类型5,A00038,1,1,1,这是合成样例文本，仅用于演示去标识化风险流程，不含任何真实诉求信息。样例主题：主题小类1-2，样例编号：0089。,11,5
90,2024-04-30,P00025,乙区,乙区-街道2,主题大类4,主题小类4-1,是,是,否,承办单位B,TS00045,主体类型1,TP00023,地点类型4,A00001,1,1,1,这是合成样例文本，仅用于演示去标识化风险流程，不含任何真实诉求信息。样例主题：主题小类4-1，样例编号：0090。,3,22
91,2024-03-05,P00024,乙区,乙区-街道1,主题大类3,主题小类3-1,是,是,是,承办单位A,TS00067,主体类型1,TP00108,地点类型1,A00049,1,1,1,这是合成样例文本，仅用于演示去标识化风险流程，不含任何真实诉求信息。样例主题：主题小类3-1，样例编号：0091。,5,6
92,2024-04-13,P00100,丙区,丙区-街道1,主题大类2,主题小类2-2,否,是,否,承办单位C,,,TP00026,地点类型2,A00001,1,1,0,这是合成样例文本，仅用于演示去标识化风险流程，不含任何真实诉求信息。样例主题：主题小类2-2，样例编号：0092。,1,22
93,2024-04-13,P00044,乙区,乙区-街道2,主题大类1,主题小类1-1,是,是,否,承办单位A,,,TP00120,地点类型3,A00002,1,1,0,这是合成样例文本，仅用于演示去标识化风险流程，不含任何真实诉求信息。样例主题：主题小类1-1，样例编号：0093。,2,14
94,2024-05-07,P00074,甲区,甲区-街道2,主题大类2,主题小类2-1,否,否,否,承办单位E,,,,,A00072,1,0,0,这是合成样例文本，仅用于演示去标识化风险流程，不含任何真实诉求信息。样例主题：主题小类2-1，样例编号：0094。,2,2
95,2024-05-15,P00044,乙区,乙区-街道1,主题大类3,主题小类3-1,是,是,否,承办单位B,TS00112,主体类型4,TP00043,地点类型4,A00022,1,1,1,这是合成样例文本，仅用于演示去标识化风险流程，不含任何真实诉求信息。样例主题：主题小类3-1，样例编号：0095。,2,7
96,2024-04-25,P00098,甲区,甲区-街道1,主题大类3,主题小类3-2,是,否,否,承办单位B,,,TP00199,地点类型1,A00064,1,1,0,这是合成样例文本，仅用于演示去标识化风险流程，不含任何真实诉求信息。样例主题：主题小类3-2，样例编号：0096。,2,2
97,2024-03-20,P00106,甲区,甲区-街道3,主题大类3,主题小类3-1,是,否,否,承办单位B,TS00060,主体类型1,TP00146,地点类型4,A00010,1,1,1,这是合成样例文本，仅用于演示去标识化风险流程，不含任何真实诉求信息。样例主题：主题小类3-1，样例编号：0097。,2,6
98,2024-04-15,,甲区,甲区-街道2,主题大类4,主题小类4-1,是,是,否,承办单位A,TS00117,主体类型3,TP00092,地点类型2,A00024,1,1,1,这是合成样例文本，仅用于演示去标识化风险流程，不含任何真实诉求信息。样例主题：主题小类4-1，样例编号：0098。,0,8
99,2024-04-03,P00014,乙区,乙区-街道2,主题大类2,主题小类2-1,是,是,否,承办单位A,TS00086,主体类型1,TP00120,地点类型5,A00071,1,1,1,这是合成样例文本，仅用于演示去标识化风险流程，不含任何真实诉求信息。样例主题：主题小类2-1，样例编号：0099。,2,4
100,2024-04-05,P00011,丙区,丙区-街道1,主题大类4,主题小类4-2,否,是,否,承办单位D,TS00118,主体类型2,TP00165,地点类型4,A00001,1,1,1,这是合成样例文本，仅用于演示去标识化风险流程，不含任何真实诉求信息。样例主题：主题小类4-2，样例编号：0100。,8,22
101,2024-03-23,P00076,甲区,甲区-街道1,主题大类4,主题小类4-2,否,是,否,承办单位D,TS00007,主体类型2,TP00087,地点类型5,A00081,1,1,1,这是合成样例文本，仅用于演示去标识化风险流程，不含任何真实诉求信息。样例主题：主题小类4-2，样例编号：0101。,3,1
102,2024-05-08,P00132,乙区,乙区-街道3,主题大类4,主题小类4-2,是,是,是,承办单位C,TS00084,主体类型4,TP00011,地点类型4,A00070,1,1,1,这是合成样例文本，仅用于演示去标识化风险流程，不含任何真实诉求信息。样例主题：主题小类4-2，样例编号：0102。,2,3
103,2024-03-10,P00151,丙区,丙区-街道3,主题大类3,主题小类3-2,是,否,否,承办单位D,TS00126,主体类型1,TP00079,地点类型1,A00036,1,1,1,这是合成样例文本，仅用于演示去标识化风险流程，不含任何真实诉求信息。样例主题：主题小类3-2，样例编号：0103。,1,4
104,2024-03-05,P00011,甲区,甲区-街道3,主题大类3,主题小类3-2,是,否,否,承办单位E,TS00072,主体类型3,TP00120,地点类型3,A00013,1,1,1,这是合成样例文本，仅用于演示去标识化风险流程，不含任何真实诉求信息。样例主题：主题小类3-2，样例编号：0104。,8,6
105,2024-04-12,P00052,乙区,乙区-街道2,主题大类1,主题小类1-2,是,否,否,承办单位B,TS00137,主体类型4,TP00098,地点类型2,A00001,1,1,1,这是合成样例文本，仅用于演示去标识化风险流程，不含任何真实诉求信息。样例主题：主题小类1-2，样例编号：0105。,2,22
106,2024-05-15,,丙区,丙区-街道3,主题大类1,主题小类1-2,否,否,否,承办单位D,,,TP00198,地点类型2,A00087,1,1,0,这是合成样例文本，仅用于演示去标识化风险流程，不含任何真实诉求信息。样例主题：主题小类1-2，样例编号：0106。,0,6
107,2024-04-23,P00011,丙区,丙区-街道2,主题大类2,主题小类2-2,是,否,是,承办单位B,,,TP00003,地点类型5,A00095,1,1,0,这是合成样例文本，仅用于演示去标识化风险流程，不含任何真实诉求信息。样例主题：主题小类2-2，样例编号：0107。,8,1
108,2024-05-06,P00211,丙区,丙区-街道1,主题大类3,主题小类3-2,否,是,否,承办单位E,TS00025,主体类型3,TP00136,地点类型5,A00002,1,1,1,这是合成样例文本，仅用于演示去标识化风险流程，不含任何真实诉求信息。样例主题：主题小类3-2，样例编号：0108。,1,14
109,2024-03-12,P00001,乙区,乙区-街道2,主题大类1,主题小类1-2,是,是,否,承办单位B,,,TP00134,地点类型4,A00047,1,1,0,这是合成样例文本，仅用于演示去标识化风险流程，不含任何真实诉求信息。样例主题：主题小类1-2，样例编号：0109。,19,4
110,2024-03-26,P00011,甲区,甲区-街道2,主题大类4,主题小类4-1,否,否,否,承办单位E,TS00110,主体类型2,TP00164,地点类型2,A00025,1,1,1,这是合成样例文本，仅用于演示去标识化风险流程，不含任何真实诉求信息。样例主题：主题小类4-1，样例编号：0110。,8,2
111,2024-05-12,P00117,丙区,丙区-街道2,主题大类3,主题小类3-1,是,是,否,承办单位A,TS00126,主体类型2,TP00046,地点类型3,A00037,1,1,1,这是合成样例文本，仅用于演示去标识化风险流程，不含任何真实诉求信息。样例主题：主题小类3-1，样例编号：0111。,1,5
112,2024-03-22,P00160,丙区,丙区-街道1,主题大类4,主题小类4-1,是,是,否,承办单位A,,,TP00153,地点类型4,A00013,1,1,0,这是合成样例文本，仅用于演示去标识化风险流程，不含任何真实诉求信息。样例主题：主题小类4-1，样例编号：0112。,1,6
113,2024-04-29,,乙区,乙区-街道3,主题大类4,主题小类4-2,否,是,否,承办单位D,,,TP00144,地点类型5,A00065,1,1,0,这是合成样例文本，仅用于演示去标识化风险流程，不含任何真实诉求信息。样例主题：主题小类4-2，样例编号：0113。,0,3
114,2024-04-11,P00001,乙区,乙区-街道2,主题大类4,主题小类4-2,是,是,否,承办单位D,TS00079,主体类型3,TP00067,地点类型1,A00038,1,1,1,这是合成样例文本，仅用于演示去标识化风险流程，不含任何真实诉求信息。样例主题：主题小类4-2，样例编号：0114。,19,5
115,2024-04-16,P00205,甲区,甲区-街道1,主题大类3,主题小类3-1,是,否,否,承办单位A,TS00072,主体类型3,TP00030,地点类型5,A00082,1,1,1,这是合成样例文本，仅用于演示去标识化风险流程，不含任何真实诉求信息。样例主题：主题小类3-1，样例编号：0115。,3,2
116,2024-03-14,P00163,丙区,丙区-街道2,主题大类3,主题小类3-1,是,是,否,承办单位C,TS00104,主体类型2,TP00150,地点类型5,A00003,1,1,1,这是合成样例文本，仅用于演示去标识化风险流程，不含任何真实诉求信息。样例主题：主题小类3-1，样例编号：0116。,1,11
117,2024-03-25,P00025,甲区,甲区-街道1,主题大类4,主题小类4-1,否,是,否,承办单位A,TS00112,主体类型4,TP00097,地点类型1,A00001,1,1,1,这是合成样例文本，仅用于演示去标识化风险流程，不含任何真实诉求信息。样例主题：主题小类4-1，样例编号：0117。,3,22
118,2024-04-13,P00039,乙区,乙区-街道1,主题大类2,主题小类2-2,是,否,否,承办单位B,TS00100,主体类型1,TP00130,地点类型3,A00118,1,1,1,这是合成样例文本，仅用于演示去标识化风险流程，不含任何真实诉求信息。样例主题：主题小类2-2，样例编号：0118。,1,2
119,2024-05-16,P00098,甲区,甲区-街道2,主题大类2,主题小类2-2,是,是,否,承办单位A,TS00105,主体类型3,TP00111,地点类型5,A00003,1,1,1,这是合成样例文本，仅用于演示去标识化风险流程，不含任何真实诉求信息。样例主题：主题小类2-2，样例编号：0119。,2,11
120,2024-04-27,P00205,乙区,乙区-街道3,主题大类4,主题小类4-1,否,否,否,承办单位E,TS00132,主体类型1,TP00136,地点类型1,A00055,1,1,1,这是合成样例文本，仅用于演示去标识化风险流程，不含任何真实诉求信息。样例主题：主题小类4-1，样例编号：0120。,3,3
121,2024-05-16,P00007,甲区,甲区-街道3,主题大类2,主题小类2-2,是,是,否,承办单位B,TS00123,主体类型1,TP00163,地点类型4,A00107,1,1,1,这是合成样例文本，仅用于演示去标识化风险流程，不含任何真实诉求信息。样例主题：主题小类2-2，样例编号：0121。,4,4
122,2024-04-01,,丙区,丙区-街道1,主题大类4,主题小类4-1,否,否,否,承办单位D,TS00053,主体类型1,TP00051,地点类型5,A00036,1,1,1,这是合成样例文本，仅用于演示去标识化风险流程，不含任何真实诉求信息。样例主题：主题小类4-1，样例编号：0122。,0,4
123,2024-03-31,P00171,丙区,丙区-街道2,主题大类4,主题小类4-2,是,是,否,承办单位C,TS00084,主体类型3,TP00084,地点类型5,A00016,1,1,1,这是合成样例文本，仅用于演示去标识化风险流程，不含任何真实诉求信息。样例主题：主题小类4-2，样例编号：0123。,2,4
124,2024-04-12,P00124,乙区,乙区-街道3,主题大类3,主题小类3-2,否,是,否,承办单位E,TS00122,主体类型2,,,,0,0,1,这是合成样例文本，仅用于演示去标识化风险流程，不含任何真实诉求信息。样例主题：主题小类3-2，样例编号：0124。,2,0
125,2024-05-12,P00025,甲区,甲区-街道3,主题大类3,主题小类3-1,否,否,否,承办单位D,TS00136,主体类型1,TP00119,地点类型4,A00098,1,1,1,这是合成样例文本，仅用于演示去标识化风险流程，不含任何真实诉求信息。样例主题：主题小类3-1，样例编号：0125。,3,5
126,2024-03-08,,乙区,乙区-街道1,主题大类3,主题小类3-1,是,否,否,承办单位E,TS00110,主体类型1,TP00199,地点类型2,A00115,1,1,1,这是合成样例文本，仅用于演示去标识化风险流程，不含任何真实诉求信息。样例主题：主题小类3-1，样例编号：0126。,0,1
127,2024-05-14,P00016,乙区,乙区-街道2,主题大类2,主题小类2-1,是,否,否,承办单位C,TS00075,主体类型2,,,,0,0,1,这是合成样例文本，仅用于演示去标识化风险流程，不含任何真实诉求信息。样例主题：主题小类2-1，样例编号：0127。,2,0
128,2024-03-28,P00201,乙区,乙区-街道3,主题大类1,主题小类1-2,否,否,否,承办单位E,TS00082,主体类型4,TP00054,地点类型3,A00004,1,1,1,这是合成样例文本，仅用于演示去标识化风险流程，不含任何真实诉求信息。样例主题：主题小类1-2，样例编号：0128。,1,10
129,2024-04-29,,丙区,丙区-街道1,主题大类3,主题小类3-1,否,是,否,承办单位E,TS00141,主体类型1,TP00132,地点类型4,A00087,1,1,1,这是合成样例文本，仅用于演示去标识化风险流程，不含任何真实诉求信息。样例主题：主题小类3-1，样例编号：0129。,0,6
130,2024-04-04,P00071,丙区,丙区-街道3,主题大类3,主题小类3-2,否,否,否,承办单位E,,,TP00099,地点类型2,A00001,1,1,0,这是合成样例文本，仅用于演示去标识化风险流程，不含任何真实诉求信息。样例主题：主题小类3-2，样例编号：0130。,3,22
131,2024-04-27,P00010,乙区,乙区-街道3,主题大类3,主题小类3-2,是,否,否,承办单位D,TS00067,主体类型2,TP00024,地点类型2,A00020,1,1,1,这是合成样例文本，仅用于演示去标识化风险流程，不含任何真实诉求信息。样例主题：主题小类3-2，样例编号：0131。,6,3
132,2024-03-23,P00248,丙区,丙区-街道1,主题大类2,主题小类2-1,否,否,否,承办单位A,,,TP00165,地点类型4,A00024,1,1,0,这是合成样例文本，仅用于演示去标识化风险流程，不含任何真实诉求信息。样例主题：主题小类2-1，样例编号：0132。,1,8
133,2024-04-17,P00018,甲区,甲区-街道3,主题大类3,主题小类3-2,是,是,否,承办单位B,TS00036,主体类型3,TP00112,地点类型4,A00116,1,1,1,这是合成样例文本，仅用于演示去标识化风险流程，不含任何真实诉求信息。样例主题：主题小类3-2，样例编号：0133。,6,2
134,2024-03-18,,甲区,甲区-街道3,主题大类1,主题小类1-2,是,否,否,承办单位E,,,TP00154,地点类型4,A00001,1,1,0,这是合成样例文本，仅用于演示去标识化风险流程，不含任何真实诉求信息。样例主题：主题小类1-2，样例编号：0134。,0,22
135,2024-04-22,,乙区,乙区-街道1,主题大类2,主题小类2-1,否,否,否,承办单位E,TS00036,主体类型3,TP00130,地点类型1,A00087,1,1,1,这是合成样例文本，仅用于演示去标识化风险流程，不含任何真实诉求信息。样例主题：主题小类2-1，样例编号：0135。,0,6
136,2024-04-02,P00012,丙区,丙区-街道3,主题大类1,主题小类1-2,否,否,否,承办单位E,TS00024,主体类型1,TP00181,地点类型3,A00009,1,1,1,这是合成样例文本，仅用于演示去标识化风险流程，不含任何真实诉求信息。样例主题：主题小类1-2，样例编号：0136。,5,9
137,2024-05-16,P00017,乙区,乙区-街道1,主题大类4,主题小类4-1,否,否,是,承办单位A,TS00027,主体类型4,TP00187,地点类型1,A00036,1,1,1,这是合成样例文本，仅用于演示去标识化风险流程，不含任何真实诉求信息。样例主题：主题小类4-1，样例编号：0137。,3,4
138,2024-03-04,,丙区,丙区-街道3,主题大类1,主题小类1-1,是,是,否,承办单位A,TS00082,主体类型4,TP00071,地点类型3,A00001,1,1,1,这是合成样例文本，仅用于演示去标识化风险流程，不含任何真实诉求信息。样例主题：主题小类1-1，样例编号：0138。,0,22
139,2024-03-21,P00220,甲区,甲区-街道2,主题大类1,主题小类1-2,否,否,否,承办单位C,TS00118,主体类型1,TP00046,地点类型4,A00047,1,1,1,这是合成样例文本，仅用于演示去标识化风险流程，不含任何真实诉求信息。样例主题：主题小类1-2，样例编号：0139。,1,4
140,2024-04-09,P00004,丙区,丙区-街道2,主题大类3,主题小类3-1,是,是,否,承办单位E,TS00085,主体类型1,TP00100,地点类型3,A00078,1,1,1,这是合成样例文本，仅用于演示去标识化风险流程，不含任何真实诉求信息。样例主题：主题小类3-1，样例编号：0140。,7,2
141,2024-03-14,P00040,丙区,丙区-街道1,主题大类1,主题小类1-1,是,否,否,承办单位B,,,TP00093,地点类型3,A00006,1,1,0,这是合成样例文本，仅用于演示去标识化风险流程，不含任何真实诉求信息。样例主题：主题小类1-1，样例编号：0141。,7,5
142,2024-05-08,P00075,甲区,甲区-街道3,主题大类4,主题小类4-2,是,是,是,承办单位B,TS00018,主体类型1,TP00143,地点类型1,A00021,1,1,1,这是合成样例文本，仅用于演示去标识化风险流程，不含任何真实诉求信息。样例主题：主题小类4-2，样例编号：0142。,1,4
143,2024-05-11,P00209,乙区,乙区-街道1,主题大类1,主题小类1-1,是,是,否,承办单位B,TS00131,主体类型3,TP00053,地点类型3,A00001,1,1,1,这是合成样例文本，仅用于演示去标识化风险流程，不含任何真实诉求信息。样例主题：主题小类1-1，样例编号：0143。,1,22
144,2024-04-26,,丙区,丙区-街道1,主题大类4,主题小类4-2,否,否,否,承办单位A,TS00148,主体类型1,TP00011,地点类型3,A00032,1,1,1,这是合成样例文本，仅用于演示去标识化风险流程，不含任何真实诉求信息。样例主题：主题小类4-2，样例编号：0144。,0,5
145,2024-03-18,P00013,丙区,丙区-街道3,主题大类2,主题小类2-2,否,否,否,承办单位E,TS00034,主体类型4,TP00029,地点类型5,A00112,1,1,1,这是合成样例文本，仅用于演示去标识化风险流程，不含任何真实诉求信息。样例主题：主题小类2-2，样例编号：0145。,3,2
146,2024-03-23,P00221,丙区,丙区-街道3,主题大类3,主题小类3-2,是,否,否,承办单位C,TS00134,主体类型1,TP00119,地点类型4,A00056,1,1,1,这是合成样例文本，仅用于演示去标识化风险流程，不含任何真实诉求信息。样例主题：主题小类3-2，样例编号：0146。,3,2
147,2024-04-23,P00095,乙区,乙区-街道1,主题大类3,主题小类3-1,否,否,否,承办单位E,TS00131,主体类型3,TP00057,地点类型3,A00011,1,1,1,这是合成样例文本，仅用于演示去标识化风险流程，不含任何真实诉求信息。样例主题：主题小类3-1，样例编号：0147。,1,5
148,2024-04-16,P00072,乙区,乙区-街道3,主题大类3,主题小类3-2,是,否,是,承办单位D,TS00099,主体类型1,TP00095,地点类型2,A00007,1,1,1,这是合成样例文本，仅用于演示去标识化风险流程，不含任何真实诉求信息。样例主题：主题小类3-2，样例编号：0148。,6,7
149,2024-03-24,P00034,甲区,甲区-街道3,主题大类3,主题小类3-1,是,否,否,承办单位C,,,TP00010,地点类型5,A00089,1,1,0,这是合成样例文本，仅用于演示去标识化风险流程，不含任何真实诉求信息。样例主题：主题小类3-1，样例编号：0149。,3,4
150,2024-05-12,P00166,乙区,乙区-街道3,主题大类2,主题小类2-1,否,是,是,承办单位E,TS00099,主体类型4,TP00027,地点类型2,A00049,1,1,1,这是合成样例文本，仅用于演示去标识化风险流程，不含任何真实诉求信息。样例主题：主题小类2-1，样例编号：0150。,1,6
151,2024-05-03,P00176,丙区,丙区-街道3,主题大类4,主题小类4-2,是,否,否,承办单位E,TS00149,主体类型4,TP00073,地点类型3,A00028,1,1,1,这是合成样例文本，仅用于演示去标识化风险流程，不含任何真实诉求信息。样例主题：主题小类4-2，样例编号：0151。,2,4
152,2024-04-24,P00001,甲区,甲区-街道3,主题大类1,主题小类1-1,是,是,是,承办单位D,TS00056,主体类型4,TP00122,地点类型1,A00024,1,1,1,这是合成样例文本，仅用于演示去标识化风险流程，不含任何真实诉求信息。样例主题：主题小类1-1，样例编号：0152。,19,8
153,2024-05-15,P00132,甲区,甲区-街道2,主题大类2,主题小类2-2,否,否,是,承办单位A,TS00150,主体类型4,TP00018,地点类型4,A00051,1,1,1,这是合成样例文本，仅用于演示去标识化风险流程，不含任何真实诉求信息。样例主题：主题小类2-2，样例编号：0153。,2,1
154,2024-04-13,P00020,甲区,甲区-街道3,主题大类3,主题小类3-1,否,是,否,承办单位C,TS00068,主体类型2,TP00129,地点类型2,A00009,1,1,1,这是合成样例文本，仅用于演示去标识化风险流程，不含任何真实诉求信息。样例主题：主题小类3-1，样例编号：0154。,5,9
155,2024-04-19,P00054,丙区,丙区-街道3,主题大类1,主题小类1-1,是,是,否,承办单位A,TS00060,主体类型3,TP00062,地点类型4,A00064,1,1,1,这是合成样例文本，仅用于演示去标识化风险流程，不含任何真实诉求信息。样例主题：主题小类1-1，样例编号：0155。,1,2
156,2024-03-06,P00072,乙区,乙区-街道1,主题大类4,主题小类4-2,否,是,否,承办单位D,TS00025,主体类型3,TP00042,地点类型5,A00024,1,1,1,这是合成样例文本，仅用于演示去标识化风险流程，不含任何真实诉求信息。样例主题：主题小类4-2，样例编号：0156。,6,8
157,2024-04-21,P00003,甲区,甲区-街道2,主题大类2,主题小类2-1,否,否,否,承办单位D,TS00116,主体类型4,TP00138,地点类型4,,0,1,1,这是合成样例文本，仅用于演示去标识化风险流程，不含任何真实诉求信息。样例主题：主题小类2-1，样例编号：0157。,11,0
158,2024-04-15,P00010,甲区,甲区-街道3,主题大类3,主题小类3-2,否,否,是,承办单位C,TS00058,主体类型1,TP00067,地点类型4,A00062,1,1,1,这是合成样例文本，仅用于演示去标识化风险流程，不含任何真实诉求信息。样例主题：主题小类3-2，样例编号：0158。,6,4
159,2024-03-06,,甲区,甲区-街道1,主题大类4,主题小类4-1,是,是,是,承办单位D,TS00078,主体类型3,TP00173,地点类型4,A00070,1,1,1,这是合成样例文本，仅用于演示去标识化风险流程，不含任何真实诉求信息。样例主题：主题小类4-1，样例编号：0159。,0,3
160,2024-05-12,P00002,乙区,乙区-街道1,主题大类2,主题小类2-2,是,否,否,承办单位B,TS00140,主体类型2,TP00132,地点类型1,A00063,1,1,1,这是合成样例文本，仅用于演示去标识化风险流程，不含任何真实诉求信息。样例主题：主题小类2-2，样例编号：0160。,14,6
161,2024-03-06,P00087,乙区,乙区-街道3,主题大类2,主题小类2-1,是,是,否,承办单位E,TS00071,主体类型3,TP00171,地点类型4,A00007,1,1,1,这是合成样例文本，仅用于演示去标识化风险流程，不含任何真实诉求信息。样例主题：主题小类2-1，样例编号：0161。,2,7
162,2024-04-16,P00009,甲区,甲区-街道2,主题大类2,主题小类2-2,是,否,否,承办单位B,TS00150,主体类型2,TP00091,地点类型2,,0,1,1,这是合成样例文本，仅用于演示去标识化风险流程，不含任何真实诉求信息。样例主题：主题小类2-2，样例编号：0162。,3,0
163,2024-03-21,P00040,丙区,丙区-街道1,主题大类2,主题小类2-1,否,否,否,承办单位E,TS00121,主体类型4,TP00092,地点类型5,,0,1,1,这是合成样例文本，仅用于演示去标识化风险流程，不含任何真实诉求信息。样例主题：主题小类2-1，样例编号：0163。,7,0
164,2024-04-23,,乙区,乙区-街道1,主题大类2,主题小类2-1,否,否,否,承办单位E,TS00085,主体类型1,TP00096,地点类型4,A00036,1,1,1,这是合成样例文本，仅用于演示去标识化风险流程，不含任何真实诉求信息。样例主题：主题小类2-1，样例编号：0164。,0,4
165,2024-03-14,P00060,乙区,乙区-街道1,主题大类4,主题小类4-2,否,是,否,承办单位A,TS00145,主体类型3,TP00194,地点类型4,A00109,1,1,1,这是合成样例文本，仅用于演示去标识化风险流程，不含任何真实诉求信息。样例主题：主题小类4-2，样例编号：0165。,2,3
166,2024-03-25,P00005,丙区,丙区-街道2,主题大类3,主题小类3-2,是,是,否,承办单位E,TS00053,主体类型2,TP00158,地点类型2,A00077,1,1,1,这是合成样例文本，仅用于演示去标识化风险流程，不含任何真实诉求信息。样例主题：主题小类3-2，样例编号：0166。,7,5
167,2024-03-29,P00074,甲区,甲区-街道1,主题大类2,主题小类2-1,否,是,否,承办单位D,TS00045,主体类型1,TP00200,地点类型1,A00010,1,1,1,这是合成样例文本，仅用于演示去标识化风险流程，不含任何真实诉求信息。样例主题：主题小类2-1，样例编号：0167。,2,6
168,2024-03-25,P00124,乙区,乙区-街道2,主题大类3,主题小类3-2,是,是,否,承办单位D,TS00110,主体类型1,TP00131,地点类型2,A00050,1,1,1,这是合成样例文本，仅用于演示去标识化风险流程，不含任何真实诉求信息。样例主题：主题小类3-2，样例编号：0168。,2,3
169,2024-03-06,P00001,甲区,甲区-街道2,主题大类3,主题小类3-1,是,否,否,承办单位B,TS00075,主体类型2,TP00140,地点类型2,A00037,1,1,1,这是合成样例文本，仅用于演示去标识化风险流程，不含任何真实诉求信息。样例主题：主题小类3-1，样例编号：0169。,19,5
170,2024-04-24,P00024,甲区,甲区-街道1,主题大类3,主题小类3-1,否,否,是,承办单位D,TS00065,主体类型4,TP00168,地点类型2,A00097,1,1,1,这是合成样例文本，仅用于演示去标识化风险流程，不含任何真实诉求信息。样例主题：主题小类3-1，样例编号：0170。,5,1
171,2024-04-03,P00093,乙区,乙区-街道1,主题大类4,主题小类4-1,是,否,否,承办单位D,TS00026,主体类型1,TP00140,地点类型1,A00060,1,1,1,这是合成样例文本，仅用于演示去标识化风险流程，不含任何真实诉求信息。样例主题：主题小类4-1，样例编号：0171。,2,1
172,2024-04-30,P00107,丙区,丙区-街道1,主题大类2,主题小类2-2,否,否,否,承办单位E,TS00044,主体类型3,TP00092,地点类型5,A00103,1,1,1,这是合成样例文本，仅用于演示去标识化风险流程，不含任何真实诉求信息。样例主题：主题小类2-2，样例编号：0172。,1,2
173,2024-05-15,P00003,乙区,乙区-街道1,主题大类2,主题小类2-1,否,否,否,承办单位D,,,TP00084,地点类型2,A00049,1,1,0,这是合成样例文本，仅用于演示去标识化风险流程，不含任何真实诉求信息。样例主题：主题小类2-1，样例编号：0173。,11,6
174,2024-05-02,P00049,甲区,甲区-街道1,主题大类4,主题小类4-2,是,是,否,承办单位A,TS00080,主体类型1,TP00193,地点类型2,A00002,1,1,1,这是合成样例文本，仅用于演示去标识化风险流程，不含任何真实诉求信息。样例主题：主题小类4-2，样例编号：0174。,4,14
175,2024-05-07,P00227,乙区,乙区-街道2,主题大类2,主题小类2-2,是,否,否,承办单位C,TS00027,主体类型1,TP00128,地点类型4,A00055,1,1,1,这是合成样例文本，仅用于演示去标识化风险流程，不含任何真实诉求信息。样例主题：主题小类2-2，样例编号：0175。,1,3
176,2024-04-14,P00008,丙区,丙区-街道1,主题大类4,主题小类4-2,是,是,否,承办单位A,TS00076,主体类型3,TP00172,地点类型1,A00009,1,1,1,这是合成样例文本，仅用于演示去标识化风险流程，不含任何真实诉求信息。样例主题：主题小类4-2，样例编号：0176。,6,9
177,2024-05-12,P00036,丙区,丙区-街道3,主题大类4,主题小类4-1,是,否,否,承办单位A,TS00149,主体类型3,TP00011,地点类型2,A00107,1,1,1,这是合成样例文本，仅用于演示去标识化风险流程，不含任何真实诉求信息。样例主题：主题小类4-1，样例编号：0177。,3,4
178,2024-04-23,P00040,甲区,甲区-街道2,主题大类3,主题小类3-2,否,否,否,承办单位C,TS00043,主体类型3,TP00018,地点类型1,A00063,1,1,1,这是合成样例文本，仅用于演示去标识化风险流程，不含任何真实诉求信息。样例主题：主题小类3-2，样例编号：0178。,7,6
179,2024-03-29,P00031,乙区,乙区-街道2,主题大类1,主题小类1-2,否,否,否,承办单位A,TS00036,主体类型4,TP00040,地点类型5,A00001,1,1,1,这是合成样例文本，仅用于演示去标识化风险流程，不含任何真实诉求信息。样例主题：主题小类1-2，样例编号：0179。,4,22
180,2024-03-08,P00040,丙区,丙区-街道3,主题大类2,主题小类2-2,否,是,否,承办单位C,TS00015,主体类型2,,,A00083,1,0,1,这是合成样例文本，仅用于演示去标识化风险流程，不含任何真实诉求信息。样例主题：主题小类2-2，样例编号：0180。,7,2
181,2024-03-13,P00250,甲区,甲区-街道3,主题大类1,主题小类1-1,是,是,否,承办单位D,TS00086,主体类型4,TP00084,地点类型2,A00117,1,1,1,这是合成样例文本，仅用于演示去标识化风险流程，不含任何真实诉求信息。样例主题：主题小类1-1，样例编号：0181。,4,3
182,2024-03-08,P00002,甲区,甲区-街道1,主题大类1,主题小类1-2,否,否,是,承办单位E,TS00119,主体类型2,TP00181,地点类型4,A00008,1,1,1,这是合成样例文本，仅用于演示去标识化风险流程，不含任何真实诉求信息。样例主题：主题小类1-2，样例编号：0182。,14,8
183,2024-03-21,P00006,甲区,甲区-街道1,主题大类1,主题小类1-2,否,否,否,承办单位A,TS00024,主体类型4,TP00115,地点类型1,A00100,1,1,1,这是合成样例文本，仅用于演示去标识化风险流程，不含任何真实诉求信息。样例主题：主题小类1-2，样例编号：0183。,4,2
184,2024-04-04,P00068,乙区,乙区-街道3,主题大类2,主题小类2-2,否,否,是,承办单位C,TS00067,主体类型2,TP00160,地点类型3,A00004,1,1,1,这是合成样例文本，仅用于演示去标识化风险流程，不含任何真实诉求信息。样例主题：主题小类2-2，样例编号：0184。,2,10
185,2024-05-11,P00077,乙区,乙区-街道2,主题大类3,主题小类3-2,是,否,是,承办单位D,,,TP00161,地点类型4,A00103,1,1,0,这是合成样例文本，仅用于演示去标识化风险流程，不含任何真实诉求信息。样例主题：主题小类3-2，样例编号：0185。,2,2
186,2024-03-09,P00023,乙区,乙区-街道3,主题大类2,主题小类2-2,是,是,否,承办单位C,,,TP00056,地点类型5,A00058,1,1,0,这是合成样例文本，仅用于演示去标识化风险流程，不含任何真实诉求信息。样例主题：主题小类2-2，样例编号：0186。,4,6
187,2024-04-05,,丙区,丙区-街道3,主题大类3,主题小类3-1,是,否,否,承办单位E,TS00081,主体类型3,TP00187,地点类型2,,0,1,1,这是合成样例文本，仅用于演示去标识化风险流程，不含任何真实诉求信息。样例主题：主题小类3-1，样例编号：0187。,0,0
188,2024-05-16,P00003,乙区,乙区-街道1,主题大类4,主题小类4-2,是,否,否,承办单位B,TS00023,主体类型1,,,A00001,1,0,1,这是合成样例文本，仅用于演示去标识化风险流程，不含任何真实诉求信息。样例主题：主题小类4-2，样例编号：0188。,11,22
189,2024-05-06,P00250,甲区,甲区-街道3,主题大类3,主题小类3-1,否,否,否,承办单位D,,,TP00150,地点类型3,A00002,1,1,0,这是合成样例文本，仅用于演示去标识化风险流程，不含任何真实诉求信息。样例主题：主题小类3-1，样例编号：0189。,4,14
190,2024-04-10,P00156,乙区,乙区-街道2,主题大类3,主题小类3-2,否,是,否,承办单位D,TS00148,主体类型1,TP00151,地点类型5,A00022,1,1,1,这是合成样例文本，仅用于演示去标识化风险流程，不含任何真实诉求信息。样例主题：主题小类3-2，样例编号：0190。,2,7
191,2024-03-29,P00045,甲区,甲区-街道3,主题大类1,主题小类1-2,是,是,否,承办单位B,TS00025,主体类型3,TP00100,地点类型2,A00014,1,1,1,这是合成样例文本，仅用于演示去标识化风险流程，不含任何真实诉求信息。样例主题：主题小类1-2，样例编号：0191。,1,2
192,2024-03-26,P00002,乙区,乙区-街道2,主题大类2,主题小类2-1,否,是,否,承办单位E,TS00085,主体类型4,TP00117,地点类型2,A00002,1,1,1,这是合成样例文本，仅用于演示去标识化风险流程，不含任何真实诉求信息。样例主题：主题小类2-1，样例编号：0192。,14,14
193,2024-03-16,P00006,丙区,丙区-街道2,主题大类3,主题小类3-2,是,是,否,承办单位A,TS00001,主体类型4,TP00084,地点类型1,A00062,1,1,1,这是合成样例文本，仅用于演示去标识化风险流程，不含任何真实诉求信息。样例主题：主题小类3-2，样例编号：0193。,4,4
194,2024-03-19,P00049,乙区,乙区-街道1,主题大类4,主题小类4-2,是,否,否,承办单位E,TS00032,主体类型4,TP00144,地点类型2,A00001,1,1,1,这是合成样例文本，仅用于演示去标识化风险流程，不含任何真实诉求信息。样例主题：主题小类4-2，样例编号：0194。,4,22
195,2024-05-13,P00076,丙区,丙区-街道3,主题大类4,主题小类4-2,否,否,否,承办单位A,TS00041,主体类型3,TP00106,地点类型4,A00113,1,1,1,这是合成样例文本，仅用于演示去标识化风险流程，不含任何真实诉求信息。样例主题：主题小类4-2，样例编号：0195。,3,2
196,2024-05-07,P00171,丙区,丙区-街道1,主题大类4,主题小类4-2,否,是,否,承办单位A,TS00021,主体类型3,TP00190,地点类型1,A00082,1,1,1,这是合成样例文本，仅用于演示去标识化风险流程，不含任何真实诉求信息。样例主题：主题小类4-2，样例编号：0196。,2,2
197,2024-03-27,,乙区,乙区-街道3,主题大类2,主题小类2-2,否,否,是,承办单位A,TS00146,主体类型3,TP00026,地点类型5,A00098,1,1,1,这是合成样例文本，仅用于演示去标识化风险流程，不含任何真实诉求信息。样例主题：主题小类2-2，样例编号：0197。,0,5
198,2024-05-13,,丙区,丙区-街道3,主题大类1,主题小类1-2,否,是,否,承办单位D,TS00031,主体类型3,TP00087,地点类型4,A00054,1,1,1,这是合成样例文本，仅用于演示去标识化风险流程，不含任何真实诉求信息。样例主题：主题小类1-2，样例编号：0198。,0,3
199,2024-03-26,P00040,丙区,丙区-街道3,主题大类3,主题小类3-2,否,否,否,承办单位E,TS00129,主体类型4,TP00003,地点类型1,A00015,1,1,1,这是合成样例文本，仅用于演示去标识化风险流程，不含任何真实诉求信息。样例主题：主题小类3-2，样例编号：0199。,7,4
200,2024-03-19,P00001,丙区,丙区-街道1,主题大类4,主题小类4-2,是,是,否,承办单位B,TS00128,主体类型4,TP00102,地点类型3,A00003,1,1,1,这是合成样例文本，仅用于演示去标识化风险流程，不含任何真实诉求信息。样例主题：主题小类4-2，样例编号：0200。,19,11
201,2024-04-10,P00150,甲区,甲区-街道3,主题大类3,主题小类3-1,否,是,否,承办单位D,TS00017,主体类型4,TP00103,地点类型5,A00110,1,1,1,这是合成样例文本，仅用于演示去标识化风险流程，不含任何真实诉求信息。样例主题：主题小类3-1，样例编号：0201。,2,1
202,2024-04-16,P00001,甲区,甲区-街道1,主题大类4,主题小类4-2,否,否,否,承办单位D,TS00062,主体类型3,TP00195,地点类型5,A00003,1,1,1,这是合成样例文本，仅用于演示去标识化风险流程，不含任何真实诉求信息。样例主题：主题小类4-2，样例编号：0202。,19,11
203,2024-03-25,P00112,甲区,甲区-街道2,主题大类2,主题小类2-1,是,是,否,承办单位A,TS00025,主体类型4,,,A00077,1,0,1,这是合成样例文本，仅用于演示去标识化风险流程，不含任何真实诉求信息。样例主题：主题小类2-1，样例编号：0203。,1,5
204,2024-04-09,,丙区,丙区-街道1,主题大类1,主题小类1-2,否,否,是,承办单位B,TS00039,主体类型4,TP00110,地点类型2,A00001,1,1,1,这是合成样例文本，仅用于演示去标识化风险流程，不含任何真实诉求信息。样例主题：主题小类1-2，样例编号：0204。,0,22
205,2024-03-05,P00106,乙区,乙区-街道1,主题大类3,主题小类3-2,否,否,否,承办单位A,TS00133,主体类型4,TP00189,地点类型2,A00005,1,1,1,这是合成样例文本，仅用于演示去标识化风险流程，不含任何真实诉求信息。样例主题：主题小类3-2，样例编号：0205。,2,8
206,2024-04-01,P00033,甲区,甲区-街道1,主题大类2,主题小类2-2,是,否,是,承办单位E,TS00028,主体类型4,TP00022,地点类型2,A00002,1,1,1,这是合成样例文本，仅用于演示去标识化风险流程，不含任何真实诉求信息。样例主题：主题小类2-2，样例编号：0206。,4,14
207,2024-05-13,P00005,丙区,丙区-街道1,主题大类2,主题小类2-2,是,否,是,承办单位D,,,TP00104,地点类型3,A00011,1,1,0,这是合成样例文本，仅用于演示去标识化风险流程，不含任何真实诉求信息。样例主题：主题小类2-2，样例编号：0207。,7,5
208,2024-03-14,,甲区,甲区-街道1,主题大类3,主题小类3-1,否,是,是,承办单位A,TS00122,主体类型1,TP00059,地点类型4,A00049,1,1,1,这是合成样例文本，仅用于演示去标识化风险流程，不含任何真实诉求信息。样例主题：主题小类3-1，样例编号：0208。,0,6
209,2024-03-16,P00079,乙区,乙区-街道1,主题大类1,主题小类1-1,否,否,是,承办单位A,,,TP00008,地点类型1,A00007,1,1,0,这是合成样例文本，仅用于演示去标识化风险流程，不含任何真实诉求信息。样例主题：主题小类1-1，样例编号：0209。,2,7
210,2024-03-07,,乙区,乙区-街道1,主题大类1,主题小类1-1,是,是,是,承办单位D,TS00001,主体类型4,TP00064,地点类型5,A00069,1,1,1,这是合成样例文本，仅用于演示去标识化风险流程，不含任何真实诉求信息。样例主题：主题小类1-1，样例编号：0210。,0,2
211,2024-03-31,P00087,甲区,甲区-街道1,主题大类4,主题小类4-2,是,是,是,承办单位B,TS00116,主体类型3,,,A00111,1,0,1,这是合成样例文本，仅用于演示去标识化风险流程，不含任何真实诉求信息。样例主题：主题小类4-2，样例编号：0211。,2,4
212,2024-05-05,P00020,乙区,乙区-街道3,主题大类1,主题小类1-2,否,是,否,承办单位E,TS00061,主体类型3,TP00001,地点类型2,A00029,1,1,1,这是合成样例文本，仅用于演示去标识化风险流程，不含任何真实诉求信息。样例主题：主题小类1-2，样例编号：0212。,5,1
213,2024-04-19,P00239,乙区,乙区-街道2,主题大类4,主题小类4-2,是,否,否,承办单位A,TS00131,主体类型3,TP00078,地点类型2,A00102,1,1,1,这是合成样例文本，仅用于演示去标识化风险流程，不含任何真实诉求信息。样例主题：主题小类4-2，样例编号：0213。,2,1
214,2024-05-10,P00018,乙区,乙区-街道1,主题大类4,主题小类4-2,否,是,否,承办单位A,,,TP00195,地点类型5,A00053,1,1,0,这是合成样例文本，仅用于演示去标识化风险流程，不含任何真实诉求信息。样例主题：主题小类4-2，样例编号：0214。,6,3
215,2024-04-06,P00130,甲区,甲区-街道2,主题大类3,主题小类3-2,否,是,否,承办单位D,,,TP00110,地点类型1,,0,1,0,这是合成样例文本，仅用于演示去标识化风险流程，不含任何真实诉求信息。样例主题：主题小类3-2，样例编号：0215。,2,0
216,2024-05-08,,丙区,丙区-街道3,主题大类3,主题小类3-2,否,否,否,承办单位A,TS00141,主体类型2,TP00142,地点类型5,A00021,1,1,1,这是合成样例文本，仅用于演示去标识化风险流程，不含任何真实诉求信息。样例主题：主题小类3-2，样例编号：0216。,0,4
217,2024-04-06,P00232,甲区,甲区-街道1,主题大类4,主题小类4-1,否,是,否,承办单位A,,,,,A00013,1,0,0,这是合成样例文本，仅用于演示去标识化风险流程，不含任何真实诉求信息。样例主题：主题小类4-1，样例编号：0217。,1,6
218,2024-05-05,P00031,甲区,甲区-街道2,主题大类3,主题小类3-2,否,是,否,承办单位B,TS00035,主体类型4,TP00160,地点类型5,,0,1,1,这是合成样例文本，仅用于演示去标识化风险流程，不含任何真实诉求信息。样例主题：主题小类3-2，样例编号：0218。,4,0
219,2024-04-04,,乙区,乙区-街道1,主题大类4,主题小类4-2,否,否,否,承办单位A,TS00093,主体类型3,TP00181,地点类型2,A00079,1,1,1,这是合成样例文本，仅用于演示去标识化风险流程，不含任何真实诉求信息。样例主题：主题小类4-2，样例编号：0219。,0,4
220,2024-03-16,P00001,丙区,丙区-街道2,主题大类1,主题小类1-1,否,是,是,承办单位E,TS00141,主体类型4,TP00110,地点类型3,A00032,1,1,1,这是合成样例文本，仅用于演示去标识化风险流程，不含任何真实诉求信息。样例主题：主题小类1-1，样例编号：0220。,19,5
221,2024-03-04,P00056,乙区,乙区-街道1,主题大类2,主题小类2-1,是,否,否,承办单位C,TS00014,主体类型2,,,A00037,1,0,1,这是合成样例文本，仅用于演示去标识化风险流程，不含任何真实诉求信息。样例主题：主题小类2-1，样例编号：0221。,2,5
222,2024-03-20,P00010,甲区,甲区-街道1,主题大类3,主题小类3-1,否,是,否,承办单位D,TS00087,主体类型4,TP00023,地点类型4,A00002,1,1,1,这是合成样例文本，仅用于演示去标识化风险流程，不含任何真实诉求信息。样例主题：主题小类3-1，样例编号：0222。,6,14
223,2024-04-07,P00059,丙区,丙区-街道1,主题大类4,主题小类4-1,否,是,否,承办单位A,TS00099,主体类型3,TP00003,地点类型5,A00090,1,1,1,这是合成样例文本，仅用于演示去标识化风险流程，不含任何真实诉求信息。样例主题：主题小类4-1，样例编号：0223。,1,3
224,2024-03-29,P00043,乙区,乙区-街道2,主题大类3,主题小类3-1,否,否,否,承办单位B,TS00012,主体类型4,TP00170,地点类型5,A00054,1,1,1,这是合成样例文本，仅用于演示去标识化风险流程，不含任何真实诉求信息。样例主题：主题小类3-1，样例编号：0224。,2,3
225,2024-04-03,P00172,丙区,丙区-街道2,主题大类3,主题小类3-1,否,是,否,承办单位E,TS00019,主体类型3,,,A00071,1,0,1,这是合成样例文本，仅用于演示去标识化风险流程，不含任何真实诉求信息。样例主题：主题小类3-1，样例编号：0225。,2,4
226,2024-04-19,P00072,丙区,丙区-街道3,主题大类2,主题小类2-2,是,否,否,承办单位D,TS00121,主体类型4,TP00036,地点类型1,A00032,1,1,1,这是合成样例文本，仅用于演示去标识化风险流程，不含任何真实诉求信息。样例主题：主题小类2-2，样例编号：0226。,6,5
227,2024-04-02,P00164,乙区,乙区-街道3,主题大类3,主题小类3-1,否,否,否,承办单位D,TS00079,主体类型1,,,A00001,1,0,1,这是合成样例文本，仅用于演示去标识化风险流程，不含任何真实诉求信息。样例主题：主题小类3-1，样例编号：0227。,4,22
228,2024-03-31,P00116,丙区,丙区-街道1,主题大类4,主题小类4-1,是,否,否,承办单位E,,,,,A00016,1,0,0,这是合成样例文本，仅用于演示去标识化风险流程，不含任何真实诉求信息。样例主题：主题小类4-1，样例编号：0228。,1,4
229,2024-04-25,P00057,乙区,乙区-街道1,主题大类2,主题小类2-1,否,是,否,承办单位E,TS00037,主体类型1,TP00008,地点类型4,A00003,1,1,1,这是合成样例文本，仅用于演示去标识化风险流程，不含任何真实诉求信息。样例主题：主题小类2-1，样例编号：0229。,1,11
230,2024-03-12,,丙区,丙区-街道1,主题大类1,主题小类1-1,否,否,否,承办单位E,TS00141,主体类型4,TP00073,地点类型2,A00008,1,1,1,这是合成样例文本，仅用于演示去标识化风险流程，不含任何真实诉求信息。样例主题：主题小类1-1，样例编号：0230。,0,8
231,2024-03-24,P00018,甲区,甲区-街道2,主题大类2,主题小类2-2,是,是,否,承办单位D,,,TP00134,地点类型4,A00011,1,1,0,这是合成样例文本，仅用于演示去标识化风险流程，不含任何真实诉求信息。样例主题：主题小类2-2，样例编号：0231。,6,5
232,2024-05-01,P00002,乙区,乙区-街道3,主题大类2,主题小类2-2,否,否,否,承办单位A,TS00090,主体类型4,,,A00004,1,0,1,这是合成样例文本，仅用于演示去标识化风险流程，不含任何真实诉求信息。样例主题：主题小类2-2，样例编号：0232。,14,10
233,2024-04-25,P00007,甲区,甲区-街道3,主题大类4,主题小类4-1,否,否,是,承办单位C,TS00051,主体类型2,TP00127,地点类型4,A00040,1,1,1,这是合成样例文本，仅用于演示去标识化风险流程，不含任何真实诉求信息。样例主题：主题小类4-1，样例编号：0233。,4,3
234,2024-03-05,P00138,丙区,丙区-街道1,主题大类3,主题小类3-2,否,是,是,承办单位C,TS00095,主体类型1,TP00011,地点类型2,A00033,1,1,1,这是合成样例文本，仅用于演示去标识化风险流程，不含任何真实诉求信息。样例主题：主题小类3-2，样例编号：0234。,1,2
235,2024-03-26,P00216,甲区,甲区-街道1,主题大类1,主题小类1-1,是,否,是,承办单位D,TS00137,主体类型1,TP00063,地点类型4,A00079,1,1,1,这是合成样例文本，仅用于演示去标识化风险流程，不含任何真实诉求信息。样例主题：主题小类1-1，样例编号：0235。,2,4
236,2024-05-02,P00005,甲区,甲区-街道1,主题大类2,主题小类2-2,否,是,否,承办单位A,TS00093,主体类型4,TP00128,地点类型2,A00042,1,1,1,这是合成样例文本，仅用于演示去标识化风险流程，不含任何真实诉求信息。样例主题：主题小类2-2，样例编号：0236。,7,4
237,2024-03-04,P00033,乙区,乙区-街道3,主题大类1,主题小类1-2,否,是,是,承办单位B,,,TP00075,地点类型5,A00061,1,1,0,这是合成样例文本，仅用于演示去标识化风险流程，不含任何真实诉求信息。样例主题：主题小类1-2，样例编号：0237。,4,4
238,2024-03-13,P00108,丙区,丙区-街道2,主题大类3,主题小类3-1,否,否,否,承办单位A,,,,,A00002,1,0,0,这是合成样例文本，仅用于演示去标识化风险流程，不含任何真实诉求信息。样例主题：主题小类3-1，样例编号：0238。,2,14
239,2024-03-26,P00056,乙区,乙区-街道3,主题大类4,主题小类4-1,是,是,否,承办单位C,TS00139,主体类型2,TP00180,地点类型5,A00087,1,1,1,这是合成样例文本，仅用于演示去标识化风险流程，不含任何真实诉求信息。样例主题：主题小类4-1，样例编号：0239。,2,6
240,2024-03-05,P00002,丙区,丙区-街道2,主题大类4,主题小类4-2,是,否,否,承办单位E,TS00044,主体类型4,TP00056,地点类型1,A00084,1,1,1,这是合成样例文本，仅用于演示去标识化风险流程，不含任何真实诉求信息。样例主题：主题小类4-2，样例编号：0240。,14,3
241,2024-04-18,,甲区,甲区-街道1,主题大类3,主题小类3-1,是,是,否,承办单位D,TS00087,主体类型3,TP00175,地点类型3,A00022,1,1,1,这是合成样例文本，仅用于演示去标识化风险流程，不含任何真实诉求信息。样例主题：主题小类3-1，样例编号：0241。,0,7
242,2024-03-20,P00024,丙区,丙区-街道2,主题大类3,主题小类3-1,是,是,否,承办单位A,TS00106,主体类型1,,,A00001,1,0,1,这是合成样例文本，仅用于演示去标识化风险流程，不含任何真实诉求信息。样例主题：主题小类3-1，样例编号：0242。,5,22
243,2024-05-16,P00018,甲区,甲区-街道3,主题大类1,主题小类1-2,否,否,否,承办单位B,TS00149,主体类型2,TP00185,地点类型5,A00113,1,1,1,这是合成样例文本，仅用于演示去标识化风险流程，不含任何真实诉求信息。样例主题：主题小类1-2，样例编号：0243。,6,2
244,2024-05-16,P00137,乙区,乙区-街道2,主题大类2,主题小类2-1,是,否,否,承办单位C,TS00113,主体类型2,TP00197,地点类型3,A00034,1,1,1,这是合成样例文本，仅用于演示去标识化风险流程，不含任何真实诉求信息。样例主题：主题小类2-1，样例编号：0244。,1,2
245,2024-05-08,P00001,甲区,甲区-街道2,主题大类1,主题小类1-2,是,否,是,承办单位C,TS00149,主体类型3,TP00089,地点类型1,A00079,1,1,1,这是合成样例文本，仅用于演示去标识化风险流程，不含任何真实诉求信息。样例主题：主题小类1-2，样例编号：0245。,19,4
246,2024-04-20,P00068,乙区,乙区-街道3,主题大类2,主题小类2-2,是,是,否,承办单位A,,,TP00103,地点类型1,A00061,1,1,0,这是合成样例文本，仅用于演示去标识化风险流程，不含任何真实诉求信息。样例主题：主题小类2-2，样例编号：0246。,2,4
247,2024-05-07,P00004,乙区,乙区-街道2,主题大类2,主题小类2-1,否,否,否,承办单位A,TS00008,主体类型2,TP00079,地点类型1,A00094,1,1,1,这是合成样例文本，仅用于演示去标识化风险流程，不含任何真实诉求信息。样例主题：主题小类2-1，样例编号：0247。,7,3
248,2024-04-19,P00114,乙区,乙区-街道1,主题大类1,主题小类1-2,否,否,否,承办单位E,TS00004,主体类型4,,,A00003,1,0,1,这是合成样例文本，仅用于演示去标识化风险流程，不含任何真实诉求信息。样例主题：主题小类1-2，样例编号：0248。,2,11
249,2024-03-19,P00023,甲区,甲区-街道3,主题大类1,主题小类1-2,否,是,是,承办单位C,TS00100,主体类型3,,,A00047,1,0,1,这是合成样例文本，仅用于演示去标识化风险流程，不含任何真实诉求信息。样例主题：主题小类1-2，样例编号：0249。,4,4
250,2024-04-18,P00004,乙区,乙区-街道1,主题大类3,主题小类3-2,否,否,否,承办单位E,TS00140,主体类型3,,,A00057,1,0,1,这是合成样例文本，仅用于演示去标识化风险流程，不含任何真实诉求信息。样例主题：主题小类3-2，样例编号：0250。,7,3
251,2024-03-31,P00231,丙区,丙区-街道2,主题大类3,主题小类3-1,否,否,否,承办单位A,,,TP00055,地点类型4,A00002,1,1,0,这是合成样例文本，仅用于演示去标识化风险流程，不含任何真实诉求信息。样例主题：主题小类3-1，样例编号：0251。,2,14
252,2024-04-08,P00182,乙区,乙区-街道2,主题大类1,主题小类1-2,否,是,否,承办单位C,TS00007,主体类型1,TP00162,地点类型2,A00107,1,1,1,这是合成样例文本，仅用于演示去标识化风险流程，不含任何真实诉求信息。样例主题：主题小类1-2，样例编号：0252。,1,4
253,2024-04-05,P00108,丙区,丙区-街道1,主题大类4,主题小类4-2,否,是,否,承办单位E,,,TP00025,地点类型3,A00006,1,1,0,这是合成样例文本，仅用于演示去标识化风险流程，不含任何真实诉求信息。样例主题：主题小类4-2，样例编号：0253。,2,5
254,2024-05-11,P00015,丙区,丙区-街道1,主题大类4,主题小类4-2,是,否,否,承办单位C,TS00090,主体类型4,TP00131,地点类型2,A00111,1,1,1,这是合成样例文本，仅用于演示去标识化风险流程，不含任何真实诉求信息。样例主题：主题小类4-2，样例编号：0254。,6,4
255,2024-03-25,P00043,乙区,乙区-街道3,主题大类3,主题小类3-1,否,否,否,承办单位B,TS00013,主体类型3,TP00178,地点类型1,A00002,1,1,1,这是合成样例文本，仅用于演示去标识化风险流程，不含任何真实诉求信息。样例主题：主题小类3-1，样例编号：0255。,2,14
256,2024-03-20,P00026,甲区,甲区-街道1,主题大类1,主题小类1-1,否,否,否,承办单位E,TS00029,主体类型3,TP00044,地点类型5,,0,1,1,这是合成样例文本，仅用于演示去标识化风险流程，不含任何真实诉求信息。样例主题：主题小类1-1，样例编号：0256。,2,0
257,2024-03-05,P00007,丙区,丙区-街道1,主题大类2,主题小类2-2,是,是,否,承办单位A,TS00119,主体类型1,TP00033,地点类型2,A00004,1,1,1,这是合成样例文本，仅用于演示去标识化风险流程，不含任何真实诉求信息。样例主题：主题小类2-2，样例编号：0257。,4,10
258,2024-04-28,P00021,丙区,丙区-街道3,主题大类2,主题小类2-1,是,否,是,承办单位B,TS00110,主体类型1,,,,0,0,1,这是合成样例文本，仅用于演示去标识化风险流程，不含任何真实诉求信息。样例主题：主题小类2-1，样例编号：0258。,4,0
259,2024-04-27,P00036,乙区,乙区-街道3,主题大类3,主题小类3-1,是,否,否,承办单位D,TS00097,主体类型2,TP00019,地点类型5,A00013,1,1,1,这是合成样例文本，仅用于演示去标识化风险流程，不含任何真实诉求信息。样例主题：主题小类3-1，样例编号：0259。,3,6
260,2024-04-07,P00008,乙区,乙区-街道1,主题大类3,主题小类3-1,是,是,否,承办单位E,TS00065,主体类型4,TP00112,地点类型4,A00003,1,1,1,这是合成样例文本，仅用于演示去标识化风险流程，不含任何真实诉求信息。样例主题：主题小类3-1，样例编号：0260。,6,11
261,2024-03-04,P00028,乙区,乙区-街道3,主题大类4,主题小类4-2,是,否,否,承办单位E,,,,,A00024,1,0,0,这是合成样例文本，仅用于演示去标识化风险流程，不含任何真实诉求信息。样例主题：主题小类4-2，样例编号：0261。,2,8
262,2024-03-07,P00221,丙区,丙区-街道2,主题大类3,主题小类3-1,是,否,否,承办单位B,TS00060,主体类型1,TP00006,地点类型5,A00049,1,1,1,这是合成样例文本，仅用于演示去标识化风险流程，不含任何真实诉求信息。样例主题：主题小类3-1，样例编号：0262。,3,6
263,2024-04-08,,乙区,乙区-街道2,主题大类2,主题小类2-1,否,否,否,承办单位B,TS00092,主体类型3,TP00187,地点类型1,A00011,1,1,1,这是合成样例文本，仅用于演示去标识化风险流程，不含任何真实诉求信息。样例主题：主题小类2-1，样例编号：0263。,0,5
264,2024-03-08,,甲区,甲区-街道3,主题大类4,主题小类4-1,否,是,否,承办单位D,TS00145,主体类型1,TP00113,地点类型3,A00116,1,1,1,这是合成样例文本，仅用于演示去标识化风险流程，不含任何真实诉求信息。样例主题：主题小类4-1，样例编号：0264。,0,2
265,2024-03-04,P00216,甲区,甲区-街道3,主题大类2,主题小类2-1,是,是,否,承办单位E,TS00116,主体类型3,TP00174,地点类型4,A00090,1,1,1,这是合成样例文本，仅用于演示去标识化风险流程，不含任何真实诉求信息。样例主题：主题小类2-1，样例编号：0265。,2,3
266,2024-04-13,P00010,甲区,甲区-街道2,主题大类1,主题小类1-2,是,否,否,承办单位E,TS00008,主体类型2,TP00182,地点类型1,A00063,1,1,1,这是合成样例文本，仅用于演示去标识化风险流程，不含任何真实诉求信息。样例主题：主题小类1-2，样例编号：0266。,6,6
267,2024-04-04,P00002,丙区,丙区-街道1,主题大类3,主题小类3-2,否,是,否,承办单位B,TS00040,主体类型2,TP00147,地点类型2,A00038,1,1,1,这是合成样例文本，仅用于演示去标识化风险流程，不含任何真实诉求信息。样例主题：主题小类3-2，样例编号：0267。,14,5
268,2024-05-09,P00021,甲区,甲区-街道1,主题大类4,主题小类4-1,是,否,否,承办单位D,TS00082,主体类型3,TP00054,地点类型4,A00056,1,1,1,这是合成样例文本，仅用于演示去标识化风险流程，不含任何真实诉求信息。样例主题：主题小类4-1，样例编号：0268。,4,2
269,2024-04-17,,乙区,乙区-街道2,主题大类3,主题小类3-2,是,否,否,承办单位D,,,TP00199,地点类型5,A00004,1,1,0,这是合成样例文本，仅用于演示去标识化风险流程，不含任何真实诉求信息。样例主题：主题小类3-2，样例编号：0269。,0,10
270,2024-04-16,,丙区,丙区-街道3,主题大类3,主题小类3-2,是,否,否,承办单位B,TS00132,主体类型2,TP00024,地点类型5,A00032,1,1,1,这是合成样例文本，仅用于演示去标识化风险流程，不含任何真实诉求信息。样例主题：主题小类3-2，样例编号：0270。,0,5
271,2024-03-15,P00071,乙区,乙区-街道2,主题大类1,主题小类1-1,否,是,否,承办单位E,TS00098,主体类型3,TP00147,地点类型2,A00027,1,1,1,这是合成样例文本，仅用于演示去标识化风险流程，不含任何真实诉求信息。样例主题：主题小类1-1，样例编号：0271。,3,4
272,2024-04-24,P00001,甲区,甲区-街道2,主题大类3,主题小类3-2,否,是,否,承办单位A,,,TP00043,地点类型1,A00004,1,1,0,这是合成样例文本，仅用于演示去标识化风险流程，不含任何真实诉求信息。样例主题：主题小类3-2，样例编号：0272。,19,10
273,2024-03-13,,丙区,丙区-街道2,主题大类2,主题小类2-1,是,是,是,承办单位E,TS00071,主体类型4,TP00070,地点类型5,A00100,1,1,1,这是合成样例文本，仅用于演示去标识化风险流程，不含任何真实诉求信息。样例主题：主题小类2-1，样例编号：0273。,0,2
274,2024-03-28,,乙区,乙区-街道1,主题大类1,主题小类1-1,否,否,否,承办单位B,,,TP00191,地点类型3,A00013,1,1,0,这是合成样例文本，仅用于演示去标识化风险流程，不含任何真实诉求信息。样例主题：主题小类1-1，样例编号：0274。,0,6
275,2024-04-26,P00055,甲区,甲区-街道1,主题大类2,主题小类2-2,否,是,否,承办单位D,,,TP00006,地点类型2,A00012,1,1,0,这是合成样例文本，仅用于演示去标识化风险流程，不含任何真实诉求信息。样例主题：主题小类2-2，样例编号：0275。,1,3
276,2024-04-11,P00191,乙区,乙区-街道3,主题大类3,主题小类3-1,是,否,否,承办单位D,TS00040,主体类型4,TP00021,地点类型2,A00058,1,1,1,这是合成样例文本，仅用于演示去标识化风险流程，不含任何真实诉求信息。样例主题：主题小类3-1，样例编号：0276。,1,6
277,2024-04-23,P00021,甲区,甲区-街道1,主题大类2,主题小类2-2,是,是,否,承办单位C,,,TP00175,地点类型1,,0,1,0,这是合成样例文本，仅用于演示去标识化风险流程，不含任何真实诉求信息。样例主题：主题小类2-2，样例编号：0277。,4,0
278,2024-04-19,P00012,丙区,丙区-街道2,主题大类4,主题小类4-2,是,是,是,承办单位C,TS00096,主体类型2,TP00097,地点类型5,A00065,1,1,1,这是合成样例文本，仅用于演示去标识化风险流程，不含任何真实诉求信息。样例主题：主题小类4-2，样例编号：0278。,5,3
279,2024-04-23,P00176,丙区,丙区-街道1,主题大类1,主题小类1-2,是,否,是,承办单位B,TS00069,主体类型2,TP00141,地点类型3,A00092,1,1,1,这是合成样例文本，仅用于演示去标识化风险流程，不含任何真实诉求信息。样例主题：主题小类1-2，样例编号：0279。,2,3
280,2024-04-27,P00020,乙区,乙区-街道1,主题大类2,主题小类2-1,是,否,否,承办单位E,TS00078,主体类型2,TP00158,地点类型2,A00111,1,1,1,这是合成样例文本，仅用于演示去标识化风险流程，不含任何真实诉求信息。样例主题：主题小类2-1，样例编号：0280。,5,4
281,2024-03-15,P00023,乙区,乙区-街道2,主题大类1,主题小类1-1,否,是,否,承办单位E,,,TP00109,地点类型5,A00084,1,1,0,这是合成样例文本，仅用于演示去标识化风险流程，不含任何真实诉求信息。样例主题：主题小类1-1，样例编号：0281。,4,3
282,2024-03-25,P00226,乙区,乙区-街道1,主题大类1,主题小类1-2,否,否,否,承办单位E,TS00110,主体类型1,,,A00010,1,0,1,这是合成样例文本，仅用于演示去标识化风险流程，不含任何真实诉求信息。样例主题：主题小类1-2，样例编号：0282。,1,6
283,2024-04-09,P00001,乙区,乙区-街道2,主题大类4,主题小类4-1,是,是,否,承办单位B,TS00143,主体类型3,TP00006,地点类型4,A00075,1,1,1,这是合成样例文本，仅用于演示去标识化风险流程，不含任何真实诉求信息。样例主题：主题小类4-1，样例编号：0283。,19,2
284,2024-05-05,P00023,乙区,乙区-街道1,主题大类2,主题小类2-2,否,否,否,承办单位B,TS00113,主体类型4,TP00020,地点类型2,A00018,1,1,1,这是合成样例文本，仅用于演示去标识化风险流程，不含任何真实诉求信息。样例主题：主题小类2-2，样例编号：0284。,4,3
285,2024-03-26,P00012,乙区,乙区-街道2,主题大类2,主题小类2-2,否,是,否,承办单位A,TS00016,主体类型3,TP00118,地点类型5,A00061,1,1,1,这是合成样例文本，仅用于演示去标识化风险流程，不含任何真实诉求信息。样例主题：主题小类2-2，样例编号：0285。,5,4
286,2024-03-13,P00212,丙区,丙区-街道3,主题大类1,主题小类1-2,是,否,否,承办单位D,TS00031,主体类型2,TP00150,地点类型3,A00002,1,1,1,这是合成样例文本，仅用于演示去标识化风险流程，不含任何真实诉求信息。样例主题：主题小类1-2，样例编号：0286。,1,14
287,2024-03-07,P00002,甲区,甲区-街道2,主题大类3,主题小类3-1,是,是,否,承办单位A,TS00101,主体类型4,TP00092,地点类型4,A00072,1,1,1,这是合成样例文本，仅用于演示去标识化风险流程，不含任何真实诉求信息。样例主题：主题小类3-1，样例编号：0287。,14,2
288,2024-04-21,P00003,丙区,丙区-街道3,主题大类3,主题小类3-1,是,否,否,承办单位E,TS00001,主体类型3,TP00042,地点类型1,A00092,1,1,1,这是合成样例文本，仅用于演示去标识化风险流程，不含任何真实诉求信息。样例主题：主题小类3-1，样例编号：0288。,11,3
289,2024-04-19,P00009,乙区,乙区-街道3,主题大类3,主题小类3-2,是,是,是,承办单位E,TS00110,主体类型4,TP00089,地点类型4,A00087,1,1,1,这是合成样例文本，仅用于演示去标识化风险流程，不含任何真实诉求信息。样例主题：主题小类3-2，样例编号：0289。,3,6
290,2024-03-14,P00004,甲区,甲区-街道1,主题大类3,主题小类3-2,是,否,否,承办单位E,TS00068,主体类型1,TP00087,地点类型1,A00077,1,1,1,这是合成样例文本，仅用于演示去标识化风险流程，不含任何真实诉求信息。样例主题：主题小类3-2，样例编号：0290。,7,5
291,2024-03-23,P00018,丙区,丙区-街道2,主题大类2,主题小类2-2,是,否,是,承办单位A,,,TP00112,地点类型3,A00019,1,1,0,这是合成样例文本，仅用于演示去标识化风险流程，不含任何真实诉求信息。样例主题：主题小类2-2，样例编号：0291。,6,3
292,2024-05-15,P00008,甲区,甲区-街道3,主题大类3,主题小类3-1,是,是,否,承办单位A,TS00083,主体类型3,TP00193,地点类型2,A00035,1,1,1,这是合成样例文本，仅用于演示去标识化风险流程，不含任何真实诉求信息。样例主题：主题小类3-1，样例编号：0292。,6,1
293,2024-03-29,,丙区,丙区-街道3,主题大类4,主题小类4-1,否,否,否,承办单位C,TS00138,主体类型2,TP00028,地点类型5,A00063,1,1,1,这是合成样例文本，仅用于演示去标识化风险流程，不含任何真实诉求信息。样例主题：主题小类4-1，样例编号：0293。,0,6
294,2024-03-10,P00146,甲区,甲区-街道1,主题大类1,主题小类1-2,是,否,否,承办单位D,TS00028,主体类型1,TP00066,地点类型5,A00004,1,1,1,这是合成样例文本，仅用于演示去标识化风险流程，不含任何真实诉求信息。样例主题：主题小类1-2，样例编号：0294。,3,10
295,2024-04-01,P00061,丙区,丙区-街道3,主题大类4,主题小类4-1,是,是,否,承办单位C,,,TP00102,地点类型2,A00021,1,1,0,这是合成样例文本，仅用于演示去标识化风险流程，不含任何真实诉求信息。样例主题：主题小类4-1，样例编号：0295。,5,4
296,2024-04-10,P00021,乙区,乙区-街道3,主题大类1,主题小类1-1,是,否,是,承办单位C,TS00100,主体类型2,TP00139,地点类型5,A00017,1,1,1,这是合成样例文本，仅用于演示去标识化风险流程，不含任何真实诉求信息。样例主题：主题小类1-1，样例编号：0296。,4,4
297,2024-04-19,,丙区,丙区-街道1,主题大类3,主题小类3-1,否,是,否,承办单位D,TS00083,主体类型2,TP00113,地点类型2,A00119,1,1,1,这是合成样例文本，仅用于演示去标识化风险流程，不含任何真实诉求信息。样例主题：主题小类3-1，样例编号：0297。,0,3
298,2024-04-13,P00157,丙区,丙区-街道3,主题大类3,主题小类3-1,是,是,否,承办单位A,TS00147,主体类型1,TP00088,地点类型1,A00030,1,1,1,这是合成样例文本，仅用于演示去标识化风险流程，不含任何真实诉求信息。样例主题：主题小类3-1，样例编号：0298。,2,3
299,2024-04-10,P00243,乙区,乙区-街道3,主题大类4,主题小类4-1,否,是,否,承办单位D,TS00020,主体类型1,TP00033,地点类型1,A00009,1,1,1,这是合成样例文本，仅用于演示去标识化风险流程，不含任何真实诉求信息。样例主题：主题小类4-1，样例编号：0299。,1,9
300,2024-04-26,P00069,乙区,乙区-街道2,主题大类4,主题小类4-1,是,否,否,承办单位E,TS00148,主体类型4,TP00117,地点类型3,A00053,1,1,1,这是合成样例文本，仅用于演示去标识化风险流程，不含任何真实诉求信息。样例主题：主题小类4-1，样例编号：0300。,1,3
301,2024-04-20,P00099,乙区,乙区-街道1,主题大类4,主题小类4-2,否,是,是,承办单位E,TS00002,主体类型2,TP00127,地点类型4,A00018,1,1,1,这是合成样例文本，仅用于演示去标识化风险流程，不含任何真实诉求信息。样例主题：主题小类4-2，样例编号：0301。,2,3
302,2024-04-03,P00061,甲区,甲区-街道1,主题大类2,主题小类2-2,否,是,否,承办单位D,TS00087,主体类型4,TP00131,地点类型2,A00012,1,1,1,这是合成样例文本，仅用于演示去标识化风险流程，不含任何真实诉求信息。样例主题：主题小类2-2，样例编号：0302。,5,3
303,2024-03-16,,乙区,乙区-街道3,主题大类3,主题小类3-1,是,是,否,承办单位B,TS00130,主体类型2,TP00139,地点类型3,A00008,1,1,1,这是合成样例文本，仅用于演示去标识化风险流程，不含任何真实诉求信息。样例主题：主题小类3-1，样例编号：0303。,0,8
304,2024-03-09,P00239,丙区,丙区-街道1,主题大类2,主题小类2-1,是,是,否,承办单位E,TS00130,主体类型4,TP00159,地点类型2,A00002,1,1,1,这是合成样例文本，仅用于演示去标识化风险流程，不含任何真实诉求信息。样例主题：主题小类2-1，样例编号：0304。,2,14
305,2024-05-05,P00156,甲区,甲区-街道1,主题大类1,主题小类1-2,否,是,否,承办单位C,TS00128,主体类型1,TP00012,地点类型5,A00044,1,1,1,这是合成样例文本，仅用于演示去标识化风险流程，不含任何真实诉求信息。样例主题：主题小类1-2，样例编号：0305。,2,1
306,2024-03-20,P00028,丙区,丙区-街道1,主题大类3,主题小类3-2,是,是,否,承办单位D,TS00104,主体类型2,TP00176,地点类型5,A00032,1,1,1,这是合成样例文本，仅用于演示去标识化风险流程，不含任何真实诉求信息。样例主题：主题小类3-2，样例编号：0306。,2,5
307,2024-04-17,P00001,丙区,丙区-街道2,主题大类3,主题小类3-1,是,否,否,承办单位C,TS00122,主体类型1,TP00081,地点类型3,A00022,1,1,1,这是合成样例文本，仅用于演示去标识化风险流程，不含任何真实诉求信息。样例主题：主题小类3-1，样例编号：0307。,19,7
308,2024-03-28,P00032,甲区,甲区-街道2,主题大类1,主题小类1-2,是,否,否,承办单位C,TS00133,主体类型2,TP00081,地点类型5,A00071,1,1,1,这是合成样例文本，仅用于演示去标识化风险流程，不含任何真实诉求信息。样例主题：主题小类1-2，样例编号：0308。,1,4
309,2024-04-13,P00029,甲区,甲区-街道2,主题大类4,主题小类4-1,是,是,否,承办单位B,TS00032,主体类型4,TP00180,地点类型2,A00004,1,1,1,这是合成样例文本，仅用于演示去标识化风险流程，不含任何真实诉求信息。样例主题：主题小类4-1，样例编号：0309。,3,10
310,2024-03-16,P00038,丙区,丙区-街道2,主题大类2,主题小类2-1,是,否,是,承办单位E,TS00148,主体类型4,TP00136,地点类型2,A00067,1,1,1,这是合成样例文本，仅用于演示去标识化风险流程，不含任何真实诉求信息。样例主题：主题小类2-1，样例编号：0310。,3,1
311,2024-04-15,,丙区,丙区-街道3,主题大类3,主题小类3-2,是,是,是,承办单位D,TS00101,主体类型3,TP00069,地点类型4,A00019,1,1,1,这是合成样例文本，仅用于演示去标识化风险流程，不含任何真实诉求信息。样例主题：主题小类3-2，样例编号：0311。,0,3
312,2024-04-14,P00017,丙区,丙区-街道1,主题大类2,主题小类2-1,是,是,是,承办单位A,TS00030,主体类型4,,,A00039,1,0,1,这是合成样例文本，仅用于演示去标识化风险流程，不含任何真实诉求信息。样例主题：主题小类2-1，样例编号：0312。,3,1
313,2024-04-21,P00006,丙区,丙区-街道3,主题大类4,主题小类4-1,是,否,是,承办单位D,,,TP00005,地点类型1,A00014,1,1,0,这是合成样例文本，仅用于演示去标识化风险流程，不含任何真实诉求信息。样例主题：主题小类4-1，样例编号：0313。,4,2
314,2024-05-14,P00033,甲区,甲区-街道1,主题大类4,主题小类4-2,是,是,否,承办单位B,TS00061,主体类型3,TP00046,地点类型3,A00061,1,1,1,这是合成样例文本，仅用于演示去标识化风险流程，不含任何真实诉求信息。样例主题：主题小类4-2，样例编号：0314。,4,4
315,2024-04-05,,乙区,乙区-街道3,主题大类3,主题小类3-2,否,是,否,承办单位B,TS00083,主体类型2,TP00186,地点类型1,A00111,1,1,1,这是合成样例文本，仅用于演示去标识化风险流程，不含任何真实诉求信息。样例主题：主题小类3-2，样例编号：0315。,0,4
316,2024-04-24,P00224,乙区,乙区-街道3,主题大类4,主题小类4-2,是,否,否,承办单位C,TS00020,主体类型1,TP00184,地点类型2,A00008,1,1,1,这是合成样例文本，仅用于演示去标识化风险流程，不含任何真实诉求信息。样例主题：主题小类4-2，样例编号：0316。,1,8
317,2024-04-09,,丙区,丙区-街道2,主题大类4,主题小类4-2,否,否,否,承办单位E,TS00080,主体类型3,TP00044,地点类型5,A00005,1,1,1,这是合成样例文本，仅用于演示去标识化风险流程，不含任何真实诉求信息。样例主题：主题小类4-2，样例编号：0317。,0,8
318,2024-04-09,P00250,乙区,乙区-街道2,主题大类2,主题小类2-2,是,否,否,承办单位B,,,TP00174,地点类型5,A00087,1,1,0,这是合成样例文本，仅用于演示去标识化风险流程，不含任何真实诉求信息。样例主题：主题小类2-2，样例编号：0318。,4,6
319,2024-04-13,P00034,丙区,丙区-街道3,主题大类3,主题小类3-2,是,是,否,承办单位A,,,TP00150,地点类型4,A00040,1,1,0,这是合成样例文本，仅用于演示去标识化风险流程，不含任何真实诉求信息。样例主题：主题小类3-2，样例编号：0319。,3,3
320,2024-03-28,,丙区,丙区-街道1,主题大类1,主题小类1-1,否,是,否,承办单位C,TS00116,主体类型4,TP00003,地点类型1,A00086,1,1,1,这是合成样例文本，仅用于演示去标识化风险流程，不含任何真实诉求信息。样例主题：主题小类1-1，样例编号：0320。,0,1
321,2024-03-27,P00004,乙区,乙区-街道2,主题大类1,主题小类1-2,是,是,否,承办单位B,,,,,A00120,1,0,0,这是合成样例文本，仅用于演示去标识化风险流程，不含任何真实诉求信息。样例主题：主题小类1-2，样例编号：0321。,7,2
322,2024-03-22,P00122,丙区,丙区-街道1,主题大类4,主题小类4-2,是,否,否,承办单位B,TS00070,主体类型3,TP00130,地点类型3,A00092,1,1,1,这是合成样例文本，仅用于演示去标识化风险流程，不含任何真实诉求信息。样例主题：主题小类4-2，样例编号：0322。,1,3
323,2024-04-14,P00001,丙区,丙区-街道3,主题大类2,主题小类2-1,否,否,否,承办单位A,,,TP00112,地点类型2,A00003,1,1,0,这是合成样例文本，仅用于演示去标识化风险流程，不含任何真实诉求信息。样例主题：主题小类2-1，样例编号：0323。,19,11
324,2024-04-20,P00123,甲区,甲区-街道1,主题大类2,主题小类2-1,是,是,否,承办单位A,TS00012,主体类型4,TP00075,地点类型2,A00094,1,1,1,这是合成样例文本，仅用于演示去标识化风险流程，不含任何真实诉求信息。样例主题：主题小类2-1，样例编号：0324。,3,3
325,2024-03-17,P00217,丙区,丙区-街道2,主题大类4,主题小类4-2,否,否,否,承办单位D,TS00103,主体类型2,TP00100,地点类型2,A00089,1,1,1,这是合成样例文本，仅用于演示去标识化风险流程，不含任何真实诉求信息。样例主题：主题小类4-2，样例编号：0325。,1,4
326,2024-03-14,P00035,丙区,丙区-街道2,主题大类4,主题小类4-2,是,是,否,承办单位C,TS00081,主体类型4,TP00151,地点类型5,A00034,1,1,1,这是合成样例文本，仅用于演示去标识化风险流程，不含任何真实诉求信息。样例主题：主题小类4-2，样例编号：0326。,1,2
327,2024-03-04,P00084,丙区,丙区-街道3,主题大类2,主题小类2-1,否,否,是,承办单位E,TS00118,主体类型3,TP00064,地点类型5,A00007,1,1,1,这是合成样例文本，仅用于演示去标识化风险流程，不含任何真实诉求信息。样例主题：主题小类2-1，样例编号：0327。,1,7
328,2024-05-04,,丙区,丙区-街道3,主题大类1,主题小类1-2,是,否,否,承办单位E,,,TP00024,地点类型4,A00046,1,1,0,这是合成样例文本，仅用于演示去标识化风险流程，不含任何真实诉求信息。样例主题：主题小类1-2，样例编号：0328。,0,2
329,2024-05-09,P00168,丙区,丙区-街道1,主题大类2,主题小类2-1,是,是,否,承办单位E,TS00012,主体类型4,TP00155,地点类型5,A00041,1,1,1,这是合成样例文本，仅用于演示去标识化风险流程，不含任何真实诉求信息。样例主题：主题小类2-1，样例编号：0329。,1,2
330,2024-04-15,,乙区,乙区-街道2,主题大类3,主题小类3-2,是,是,否,承办单位D,TS00035,主体类型2,TP00087,地点类型4,A00065,1,1,1,这是合成样例文本，仅用于演示去标识化风险流程，不含任何真实诉求信息。样例主题：主题小类3-2，样例编号：0330。,0,3
331,2024-04-01,P00011,乙区,乙区-街道1,主题大类2,主题小类2-1,否,是,是,承办单位C,TS00062,主体类型3,TP00126,地点类型5,A00009,1,1,1,这是合成样例文本，仅用于演示去标识化风险流程，不含任何真实诉求信息。样例主题：主题小类2-1，样例编号：0331。,8,9
332,2024-04-02,P00031,丙区,丙区-街道2,主题大类3,主题小类3-2,是,是,否,承办单位C,TS00106,主体类型3,TP00151,地点类型1,A00018,1,1,1,这是合成样例文本，仅用于演示去标识化风险流程，不含任何真实诉求信息。样例主题：主题小类3-2，样例编号：0332。,4,3
333,2024-04-09,P00164,乙区,乙区-街道2,主题大类4,主题小类4-1,是,否,否,承办单位E,TS00016,主体类型1,TP00038,地点类型4,,0,1,1,这是合成样例文本，仅用于演示去标识化风险流程，不含任何真实诉求信息。样例主题：主题小类4-1，样例编号：0333。,4,0
334,2024-03-11,P00164,甲区,甲区-街道1,主题大类1,主题小类1-1,是,是,否,承办单位D,TS00104,主体类型1,TP00038,地点类型1,A00009,1,1,1,这是合成样例文本，仅用于演示去标识化风险流程，不含任何真实诉求信息。样例主题：主题小类1-1，样例编号：0334。,4,9
335,2024-03-20,P00040,甲区,甲区-街道3,主题大类3,主题小类3-2,是,是,否,承办单位E,,,TP00048,地点类型3,A00091,1,1,0,这是合成样例文本，仅用于演示去标识化风险流程，不含任何真实诉求信息。样例主题：主题小类3-2，样例编号：0335。,7,3
336,2024-05-12,P00072,丙区,丙区-街道3,主题大类2,主题小类2-2,否,否,是,承办单位C,TS00040,主体类型1,TP00012,地点类型3,A00042,1,1,1,这是合成样例文本，仅用于演示去标识化风险流程，不含任何真实诉求信息。样例主题：主题小类2-2，样例编号：0336。,6,4
337,2024-03-27,P00096,乙区,乙区-街道2,主题大类2,主题小类2-2,否,是,是,承办单位E,TS00018,主体类型4,TP00185,地点类型4,A00105,1,1,1,这是合成样例文本，仅用于演示去标识化风险流程，不含任何真实诉求信息。样例主题：主题小类2-2，样例编号：0337。,1,2
338,2024-03-10,P00012,丙区,丙区-街道1,主题大类3,主题小类3-1,是,否,否,承办单位E,,,TP00189,地点类型5,A00005,1,1,0,这是合成样例文本，仅用于演示去标识化风险流程，不含任何真实诉求信息。样例主题：主题小类3-1，样例编号：0338。,5,8
339,2024-05-06,P00015,乙区,乙区-街道1,主题大类2,主题小类2-2,是,否,否,承办单位A,TS00140,主体类型3,TP00020,地点类型1,A00037,1,1,1,这是合成样例文本，仅用于演示去标识化风险流程，不含任何真实诉求信息。样例主题：主题小类2-2，样例编号：0339。,6,5
340,2024-03-14,P00049,乙区,乙区-街道3,主题大类4,主题小类4-1,否,否,是,承办单位E,TS00045,主体类型4,TP00103,地点类型1,A00101,1,1,1,这是合成样例文本，仅用于演示去标识化风险流程，不含任何真实诉求信息。样例主题：主题小类4-1，样例编号：0340。,4,1
341,2024-05-04,P00144,丙区,丙区-街道3,主题大类4,主题小类4-1,否,是,否,承办单位A,TS00004,主体类型3,TP00015,地点类型2,A00022,1,1,1,这是合成样例文本，仅用于演示去标识化风险流程，不含任何真实诉求信息。样例主题：主题小类4-1，样例编号：0341。,1,7
342,2024-04-21,P00008,甲区,甲区-街道1,主题大类4,主题小类4-1,否,否,否,承办单位C,,,TP00138,地点类型2,A00015,1,1,0,这是合成样例文本，仅用于演示去标识化风险流程，不含任何真实诉求信息。样例主题：主题小类4-1，样例编号：0342。,6,4
343,2024-03-22,P00202,甲区,甲区-街道3,主题大类2,主题小类2-2,否,是,否,承办单位E,TS00101,主体类型1,TP00143,地点类型1,A00010,1,1,1,这是合成样例文本，仅用于演示去标识化风险流程，不含任何真实诉求信息。样例主题：主题小类2-2，样例编号：0343。,1,6
344,2024-05-06,P00079,丙区,丙区-街道1,主题大类1,主题小类1-1,是,否,否,承办单位C,,,TP00014,地点类型1,A00008,1,1,0,这是合成样例文本，仅用于演示去标识化风险流程，不含任何真实诉求信息。样例主题：主题小类1-1，样例编号：0344。,2,8
345,2024-04-12,,丙区,丙区-街道2,主题大类2,主题小类2-1,否,否,否,承办单位D,TS00117,主体类型3,TP00033,地点类型5,A00001,1,1,1,这是合成样例文本，仅用于演示去标识化风险流程，不含任何真实诉求信息。样例主题：主题小类2-1，样例编号：0345。,0,22
346,2024-04-29,P00175,乙区,乙区-街道1,主题大类3,主题小类3-2,否,否,是,承办单位E,TS00133,主体类型4,TP00140,地点类型4,A00024,1,1,1,这是合成样例文本，仅用于演示去标识化风险流程，不含任何真实诉求信息。样例主题：主题小类3-2，样例编号：0346。,1,8
347,2024-05-04,P00111,丙区,丙区-街道2,主题大类3,主题小类3-1,否,否,否,承办单位B,,,TP00110,地点类型5,A00016,1,1,0,这是合成样例文本，仅用于演示去标识化风险流程，不含任何真实诉求信息。样例主题：主题小类3-1，样例编号：0347。,1,4
348,2024-03-05,P00008,甲区,甲区-街道3,主题大类4,主题小类4-2,是,是,否,承办单位E,TS00143,主体类型2,TP00114,地点类型5,A00069,1,1,1,这是合成样例文本，仅用于演示去标识化风险流程，不含任何真实诉求信息。样例主题：主题小类4-2，样例编号：0348。,6,2
349,2024-03-15,P00164,乙区,乙区-街道2,主题大类4,主题小类4-2,是,是,否,承办单位A,TS00106,主体类型1,TP00158,地点类型3,A00058,1,1,1,这是合成样例文本，仅用于演示去标识化风险流程，不含任何真实诉求信息。样例主题：主题小类4-2，样例编号：0349。,4,6
350,2024-04-18,P00052,甲区,甲区-街道1,主题大类3,主题小类3-2,是,是,否,承办单位D,TS00056,主体类型3,TP00113,地点类型1,A00005,1,1,1,这是合成样例文本，仅用于演示去标识化风险流程，不含任何真实诉求信息。样例主题：主题小类3-2，样例编号：0350。,2,8
351,2024-04-19,,丙区,丙区-街道3,主题大类1,主题小类1-1,否,是,是,承办单位E,TS00140,主体类型3,TP00178,地点类型2,,0,1,1,这是合成样例文本，仅用于演示去标识化风险流程，不含任何真实诉求信息。样例主题：主题小类1-1，样例编号：0351。,0,0
352,2024-04-01,P00002,丙区,丙区-街道3,主题大类2,主题小类2-1,否,否,否,承办单位A,TS00051,主体类型1,TP00007,地点类型1,A00031,1,1,1,这是合成样例文本，仅用于演示去标识化风险流程，不含任何真实诉求信息。样例主题：主题小类2-1，样例编号：0352。,14,2
353,2024-03-22,P00004,甲区,甲区-街道3,主题大类3,主题小类3-1,是,否,否,承办单位E,TS00013,主体类型3,TP00129,地点类型4,A00012,1,1,1,这是合成样例文本，仅用于演示去标识化风险流程，不含任何真实诉求信息。样例主题：主题小类3-1，样例编号：0353。,7,3
354,2024-04-28,P00231,甲区,甲区-街道1,主题大类4,主题小类4-2,否,是,是,承办单位E,TS00091,主体类型4,TP00158,地点类型4,A00008,1,1,1,这是合成样例文本，仅用于演示去标识化风险流程，不含任何真实诉求信息。样例主题：主题小类4-2，样例编号：0354。,2,8
355,2024-05-07,P00172,乙区,乙区-街道3,主题大类1,主题小类1-2,否,是,是,承办单位C,TS00068,主体类型3,TP00139,地点类型4,A00026,1,1,1,这是合成样例文本，仅用于演示去标识化风险流程，不含任何真实诉求信息。样例主题：主题小类1-2，样例编号：0355。,2,2
356,2024-04-20,P00017,丙区,丙区-街道1,主题大类1,主题小类1-2,否,否,是,承办单位B,TS00073,主体类型4,TP00091,地点类型2,A00078,1,1,1,这是合成样例文本，仅用于演示去标识化风险流程，不含任何真实诉求信息。样例主题：主题小类1-2，样例编号：0356。,3,2
357,2024-03-19,P00002,乙区,乙区-街道1,主题大类2,主题小类2-1,否,否,否,承办单位D,TS00104,主体类型2,TP00092,地点类型5,A00006,1,1,1,这是合成样例文本，仅用于演示去标识化风险流程，不含任何真实诉求信息。样例主题：主题小类2-1，样例编号：0357。,14,5
358,2024-04-22,P00003,乙区,乙区-街道2,主题大类4,主题小类4-1,否,是,否,承办单位E,TS00060,主体类型4,TP00085,地点类型1,A00010,1,1,1,这是合成样例文本，仅用于演示去标识化风险流程，不含任何真实诉求信息。样例主题：主题小类4-1，样例编号：0358。,11,6
359,2024-04-05,P00003,乙区,乙区-街道3,主题大类2,主题小类2-1,否,否,否,承办单位A,TS00043,主体类型4,TP00004,地点类型5,A00057,1,1,1,这是合成样例文本，仅用于演示去标识化风险流程，不含任何真实诉求信息。样例主题：主题小类2-1，样例编号：0359。,11,3
360,2024-03-19,P00019,甲区,甲区-街道3,主题大类1,主题小类1-1,否,是,是,承办单位D,TS00054,主体类型4,TP00011,地点类型1,A00009,1,1,1,这是合成样例文本，仅用于演示去标识化风险流程，不含任何真实诉求信息。样例主题：主题小类1-1，样例编号：0360。,1,9
361,2024-04-21,P00077,甲区,甲区-街道1,主题大类1,主题小类1-2,是,是,否,承办单位C,TS00103,主体类型2,TP00039,地点类型3,A00028,1,1,1,这是合成样例文本，仅用于演示去标识化风险流程，不含任何真实诉求信息。样例主题：主题小类1-2，样例编号：0361。,2,4
362,2024-05-10,P00110,甲区,甲区-街道3,主题大类4,主题小类4-1,否,否,否,承办单位E,,,TP00175,地点类型2,A00120,1,1,0,这是合成样例文本，仅用于演示去标识化风险流程，不含任何真实诉求信息。样例主题：主题小类4-1，样例编号：0362。,2,2
363,2024-04-30,P00060,甲区,甲区-街道2,主题大类4,主题小类4-2,否,否,否,承办单位A,TS00007,主体类型3,TP00186,地点类型2,A00027,1,1,1,这是合成样例文本，仅用于演示去标识化风险流程，不含任何真实诉求信息。样例主题：主题小类4-2，样例编号：0363。,2,4
364,2024-04-08,P00061,乙区,乙区-街道3,主题大类4,主题小类4-2,是,是,是,承办单位C,TS00055,主体类型1,,,A00001,1,0,1,这是合成样例文本，仅用于演示去标识化风险流程，不含任何真实诉求信息。样例主题：主题小类4-2，样例编号：0364。,5,22
365,2024-04-11,P00005,甲区,甲区-街道3,主题大类2,主题小类2-1,否,是,否,承办单位E,TS00114,主体类型1,TP00004,地点类型4,A00028,1,1,1,这是合成样例文本，仅用于演示去标识化风险流程，不含任何真实诉求信息。样例主题：主题小类2-1，样例编号：0365。,7,4
366,2024-04-16,P00003,乙区,乙区-街道3,主题大类1,主题小类1-1,是,是,否,承办单位B,TS00062,主体类型2,TP00183,地点类型5,A00001,1,1,1,这是合成样例文本，仅用于演示去标识化风险流程，不含任何真实诉求信息。样例主题：主题小类1-1，样例编号：0366。,11,22
367,2024-03-26,P00133,乙区,乙区-街道2,主题大类1,主题小类1-2,否,是,否,承办单位B,TS00033,主体类型4,TP00011,地点类型2,A00077,1,1,1,这是合成样例文本，仅用于演示去标识化风险流程，不含任何真实诉求信息。样例主题：主题小类1-2，样例编号：0367。,1,5
368,2024-03-26,P00130,丙区,丙区-街道3,主题大类3,主题小类3-1,否,否,是,承办单位D,TS00147,主体类型1,TP00188,地点类型2,A00022,1,1,1,这是合成样例文本，仅用于演示去标识化风险流程，不含任何真实诉求信息。样例主题：主题小类3-1，样例编号：0368。,2,7
369,2024-04-15,P00146,甲区,甲区-街道3,主题大类1,主题小类1-2,是,是,否,承办单位C,TS00022,主体类型1,,,A00080,1,0,1,这是合成样例文本，仅用于演示去标识化风险流程，不含任何真实诉求信息。样例主题：主题小类1-2，样例编号：0369。,3,1
370,2024-03-13,P00024,乙区,乙区-街道3,主题大类1,主题小类1-2,否,否,否,承办单位C,,,TP00024,地点类型2,A00077,1,1,0,这是合成样例文本，仅用于演示去标识化风险流程，不含任何真实诉求信息。样例主题：主题小类1-2，样例编号：0370。,5,5
371,2024-04-22,P00119,丙区,丙区-街道3,主题大类3,主题小类3-2,是,是,否,承办单位C,TS00135,主体类型2,TP00179,地点类型3,A00007,1,1,1,这是合成样例文本，仅用于演示去标识化风险流程，不含任何真实诉求信息。样例主题：主题小类3-2，样例编号：0371。,2,7
372,2024-05-06,P00027,甲区,甲区-街道2,主题大类1,主题小类1-1,否,是,否,承办单位E,TS00125,主体类型4,TP00187,地点类型4,A00112,1,1,1,这是合成样例文本，仅用于演示去标识化风险流程，不含任何真实诉求信息。样例主题：主题小类1-1，样例编号：0372。,1,2
373,2024-04-30,,乙区,乙区-街道3,主题大类4,主题小类4-1,否,是,否,承办单位D,TS00080,主体类型1,TP00122,地点类型2,,0,1,1,这是合成样例文本，仅用于演示去标识化风险流程，不含任何真实诉求信息。样例主题：主题小类4-1，样例编号：0373。,0,0
374,2024-03-15,,甲区,甲区-街道2,主题大类3,主题小类3-2,是,是,否,承办单位B,TS00066,主体类型4,TP00006,地点类型2,A00118,1,1,1,这是合成样例文本，仅用于演示去标识化风险流程，不含任何真实诉求信息。样例主题：主题小类3-2，样例编号：0374。,0,2
375,2024-04-09,P00119,甲区,甲区-街道3,主题大类3,主题小类3-1,是,是,是,承办单位A,TS00058,主体类型2,TP00046,地点类型3,A00109,1,1,1,这是合成样例文本，仅用于演示去标识化风险流程，不含任何真实诉求信息。样例主题：主题小类3-1，样例编号：0375。,2,3
376,2024-04-27,,乙区,乙区-街道3,主题大类2,主题小类2-2,是,是,否,承办单位A,TS00033,主体类型2,TP00058,地点类型4,A00006,1,1,1,这是合成样例文本，仅用于演示去标识化风险流程，不含任何真实诉求信息。样例主题：主题小类2-2，样例编号：0376。,0,5
377,2024-05-11,P00015,乙区,乙区-街道1,主题大类3,主题小类3-2,否,否,是,承办单位C,TS00050,主体类型2,TP00182,地点类型2,A00037,1,1,1,这是合成样例文本，仅用于演示去标识化风险流程，不含任何真实诉求信息。样例主题：主题小类3-2，样例编号：0377。,6,5
378,2024-03-04,P00038,丙区,丙区-街道3,主题大类3,主题小类3-1,是,是,否,承办单位E,TS00077,主体类型3,TP00078,地点类型2,A00006,1,1,1,这是合成样例文本，仅用于演示去标识化风险流程，不含任何真实诉求信息。样例主题：主题小类3-1，样例编号：0378。,3,5
379,2024-03-19,P00002,乙区,乙区-街道2,主题大类2,主题小类2-1,否,否,否,承办单位C,TS00025,主体类型4,,,A00047,1,0,1,这是合成样例文本，仅用于演示去标识化风险流程，不含任何真实诉求信息。样例主题：主题小类2-1，样例编号：0379。,14,4
380,2024-03-09,,乙区,乙区-街道1,主题大类4,主题小类4-2,否,否,否,承办单位E,TS00144,主体类型2,TP00193,地点类型1,A00011,1,1,1,这是合成样例文本，仅用于演示去标识化风险流程，不含任何真实诉求信息。样例主题：主题小类4-2，样例编号：0380。,0,5
381,2024-03-13,P00003,乙区,乙区-街道2,主题大类1,主题小类1-1,是,是,否,承办单位C,TS00116,主体类型3,TP00098,地点类型1,A00083,1,1,1,这是合成样例文本，仅用于演示去标识化风险流程，不含任何真实诉求信息。样例主题：主题小类1-1，样例编号：0381。,11,2
382,2024-05-04,P00012,乙区,乙区-街道3,主题大类3,主题小类3-2,是,是,是,承办单位B,TS00144,主体类型3,TP00039,地点类型1,A00008,1,1,1,这是合成样例文本，仅用于演示去标识化风险流程，不含任何真实诉求信息。样例主题：主题小类3-2，样例编号：0382。,5,8
383,2024-04-17,P00014,甲区,甲区-街道3,主题大类2,主题小类2-2,是,是,否,承办单位A,TS00026,主体类型4,TP00134,地点类型3,A00042,1,1,1,这是合成样例文本，仅用于演示去标识化风险流程，不含任何真实诉求信息。样例主题：主题小类2-2，样例编号：0383。,2,4
384,2024-04-27,P00006,乙区,乙区-街道3,主题大类1,主题小类1-1,否,否,否,承办单位C,TS00115,主体类型3,TP00092,地点类型1,A00024,1,1,1,这是合成样例文本，仅用于演示去标识化风险流程，不含任何真实诉求信息。样例主题：主题小类1-1，样例编号：0384。,4,8
385,2024-03-29,P00015,乙区,乙区-街道3,主题大类3,主题小类3-1,否,否,否,承办单位B,TS00128,主体类型4,TP00103,地点类型1,A00020,1,1,1,这是合成样例文本，仅用于演示去标识化风险流程，不含任何真实诉求信息。样例主题：主题小类3-1，样例编号：0385。,6,3
386,2024-03-19,,甲区,甲区-街道1,主题大类1,主题小类1-2,是,是,否,承办单位A,TS00062,主体类型3,TP00165,地点类型3,A00062,1,1,1,这是合成样例文本，仅用于演示去标识化风险流程，不含任何真实诉求信息。样例主题：主题小类1-2，样例编号：0386。,0,4
387,2024-03-30,P00002,丙区,丙区-街道3,主题大类3,主题小类3-1,是,否,否,承办单位C,TS00059,主体类型1,TP00025,地点类型4,A00038,1,1,1,这是合成样例文本，仅用于演示去标识化风险流程，不含任何真实诉求信息。样例主题：主题小类3-1，样例编号：0387。,14,5
388,2024-03-19,P00031,乙区,乙区-街道1,主题大类3,主题小类3-2,是,否,否,承办单位B,TS00016,主体类型2,TP00194,地点类型4,A00070,1,1,1,这是合成样例文本，仅用于演示去标识化风险流程，不含任何真实诉求信息。样例主题：主题小类3-2，样例编号：0388。,4,3
389,2024-03-04,P00018,甲区,甲区-街道3,主题大类2,主题小类2-1,是,否,否,承办单位B,,,TP00124,地点类型3,A00053,1,1,0,这是合成样例文本，仅用于演示去标识化风险流程，不含任何真实诉求信息。样例主题：主题小类2-1，样例编号：0389。,6,3
390,2024-03-13,P00238,甲区,甲区-街道1,主题大类2,主题小类2-2,是,是,否,承办单位D,,,TP00159,地点类型2,A00089,1,1,0,这是合成样例文本，仅用于演示去标识化风险流程，不含任何真实诉求信息。样例主题：主题小类2-2，样例编号：0390。,2,4
391,2024-04-25,P00049,甲区,甲区-街道2,主题大类3,主题小类3-2,否,是,否,承办单位C,,,TP00192,地点类型1,A00109,1,1,0,这是合成样例文本，仅用于演示去标识化风险流程，不含任何真实诉求信息。样例主题：主题小类3-2，样例编号：0391。,4,3
392,2024-05-02,P00001,乙区,乙区-街道3,主题大类3,主题小类3-1,是,否,否,承办单位D,TS00076,主体类型4,,,A00040,1,0,1,这是合成样例文本，仅用于演示去标识化风险流程，不含任何真实诉求信息。样例主题：主题小类3-1，样例编号：0392。,19,3
393,2024-03-10,P00071,乙区,乙区-街道2,主题大类4,主题小类4-2,是,否,否,承办单位C,TS00146,主体类型1,TP00006,地点类型3,A00096,1,1,1,这是合成样例文本，仅用于演示去标识化风险流程，不含任何真实诉求信息。样例主题：主题小类4-2，样例编号：0393。,3,2
394,2024-03-22,P00011,甲区,甲区-街道3,主题大类4,主题小类4-2,是,否,否,承办单位A,TS00046,主体类型3,TP00178,地点类型3,A00003,1,1,1,这是合成样例文本，仅用于演示去标识化风险流程，不含任何真实诉求信息。样例主题：主题小类4-2，样例编号：0394。,8,11
395,2024-04-04,P00146,甲区,甲区-街道3,主题大类3,主题小类3-1,否,否,否,承办单位A,TS00147,主体类型1,TP00105,地点类型2,A00025,1,1,1,这是合成样例文本，仅用于演示去标识化风险流程，不含任何真实诉求信息。样例主题：主题小类3-1，样例编号：0395。,3,2
396,2024-05-16,P00002,甲区,甲区-街道3,主题大类1,主题小类1-1,是,是,是,承办单位E,TS00087,主体类型2,TP00189,地点类型2,A00050,1,1,1,这是合成样例文本，仅用于演示去标识化风险流程，不含任何真实诉求信息。样例主题：主题小类1-1，样例编号：0396。,14,3
397,2024-03-22,P00221,甲区,甲区-街道3,主题大类1,主题小类1-1,否,否,否,承办单位D,TS00148,主体类型3,TP00178,地点类型2,A00007,1,1,1,这是合成样例文本，仅用于演示去标识化风险流程，不含任何真实诉求信息。样例主题：主题小类1-1，样例编号：0397。,3,7
398,2024-05-09,P00088,乙区,乙区-街道3,主题大类2,主题小类2-2,否,是,否,承办单位B,,,TP00050,地点类型2,A00074,1,1,0,这是合成样例文本，仅用于演示去标识化风险流程，不含任何真实诉求信息。样例主题：主题小类2-2，样例编号：0398。,1,1
399,2024-03-23,P00061,甲区,甲区-街道2,主题大类3,主题小类3-2,是,是,否,承办单位C,TS00033,主体类型3,TP00154,地点类型1,A00093,1,1,1,这是合成样例文本，仅用于演示去标识化风险流程，不含任何真实诉求信息。样例主题：主题小类3-2，样例编号：0399。,5,1
400,2024-05-02,,丙区,丙区-街道1,主题大类1,主题小类1-1,是,是,否,承办单位B,TS00071,主体类型2,TP00101,地点类型2,A00043,1,1,1,这是合成样例文本，仅用于演示去标识化风险流程，不含任何真实诉求信息。样例主题：主题小类1-1，样例编号：0400。,0,3
